x,y,z,label
5.828457155202185,-4.991112812064535,0.16877758300120396,0.0
5.617203392553649,-3.761491520424202,0.03196960493715596,0.0
5.777557754267155,-2.250782991016926,-0.09726819192814558,0.0
4.9847413538335905,-1.0687186057950648,0.06145332696035816,0.0
3.4831598745551537,0.03958416269855289,0.07416568378583989,0.0
1.6276057957586534,0.8183788049617882,-0.06290552298178181,0.0
0.059156000015558374,1.1721504957022137,-0.4793768309592084,0.0
-1.1573590739531354,0.7137679932674701,0.34063249027306586,0.0
-2.5197745583368185,0.5869453765897359,0.4841775256352832,0.0
-4.201716928932311,-0.4438086019952718,0.08571804149436403,0.0
-5.287675014876204,-0.9113255932980082,-0.14399031078089708,0.0
-5.70610316533516,-2.9528292690385687,-0.004481952924360396,0.0
-5.633447661850269,-4.327560128240758,-0.42681736808194204,0.0
-6.1239098349504575,-5.604340408699486,-0.2507592303556694,0.0
-5.969544343890863,-7.179984136613822,0.5361924399301533,0.0
-5.024780299934996,-7.971425204556864,0.03609728643408292,0.0
-4.110061426776341,-10.024163004732221,0.3326599803113178,0.0
-2.8385756629425596,-10.57404209121593,-0.17949299343936026,0.0
-1.225077031865815,-11.011455986598854,-0.5318780342186731,0.0
0.38852379033353807,-11.209472396605756,-0.3673881448204285,0.0
2.460169213970379,-10.698054847291589,-0.3137874389897136,0.0
2.860505672781634,-10.150771847172864,0.03289473655667512,0.0
4.301279784974796,-8.561385734685022,0.029998953187722305,0.0
5.9341030827961765,-7.981095164542014,-0.35397251049659045,0.0
6.3394082304248585,-6.761011240851141,0.2174286177625613,0.0
6.1820754337837,-5.360497849309986,0.32422576904679007,0.0
5.794634643104209,-5.19874118367758,0.07133480164825895,0.0
5.538407452933839,-3.636873415319961,0.32297324946311085,0.0
5.310504826133643,-2.6327795803965035,-0.19786415676841773,0.0
4.551490098406854,-0.5181130494868915,0.496436469235537,0.0
3.1812622742673233,0.1273688178999462,-0.2035366407407196,0.0
2.183462070862321,0.7664840283568317,0.4827363438035306,0.0
0.10490023520221209,1.4398369099190225,0.20964265759833534,0.0
-1.2797509414767438,1.0495442811681306,0.12967415382405717,0.0
-2.5547091912761104,0.5606209449000966,0.4789334609726204,0.0
-4.06893475810886,-0.4396364969271591,0.39650351665704764,0.0
-4.9337807481542875,-1.5961803208143102,0.5292304145585991,0.0
-5.715811880096863,-2.55702866169397,0.3955011936887226,0.0
-5.904709403458041,-4.050833011952247,0.40758550566311813,0.0
-6.053609430399849,-6.088954413696191,0.11823221020769326,0.0
-5.822227605254231,-7.250780561186467,0.5396117168994048,0.0
-4.611361689520173,-8.550596918400714,-0.1519832982067849,0.0
-3.586269964809789,-9.335441339448096,0.019192862492452667,0.0
-2.549513077631471,-10.526461727120166,0.20296166849142133,0.0
-1.2233570040146589,-11.310838494847191,-0.08376939728110622,0.0
-0.024719363975007846,-10.876568127826237,0.17102560885489232,0.0
2.1245029983604775,-11.100047815952507,0.5101266043538375,0.0
3.3933668461303106,-9.683280166222746,-0.021426673870469815,0.0
5.063447294095069,-8.950417839316266,-0.007905873431517996,0.0
5.179404023806499,-7.804005854929623,0.09188722322302897,0.0
5.817150738912332,-5.843670169819478,0.11564047245221068,0.0
6.67615746450582,-4.847999681671023,0.15506874305319404,0.0
5.481552382612173,-4.834792899671955,0.17295577220551306,0.0
6.288880598296587,-3.263104736151808,0.26484829137342747,0.0
5.198107217499583,-1.9623866457877173,-0.023116629983969683,0.0
4.398461038866885,-0.5725854831936661,0.2883424429016618,0.0
3.0238852815953865,-0.13990807913060688,0.6741116815097633,0.0
1.7321051906933165,0.32443375624657983,0.7571441329711963,0.0
0.5511672760489152,0.6724196832569962,0.5952530977457337,0.0
-0.993872180029296,0.6406202464947391,0.11908843724483065,0.0
-2.59869297182512,0.5030858591363975,-0.017021494360098477,0.0
-3.824240011319148,-0.09066916695213334,0.32357768080204186,0.0
-4.957442322918683,-1.2994058807005402,0.5458432102510614,0.0
-5.625432291691676,-2.8338140101931573,0.6705206249491298,0.0
-5.424665593083647,-3.8214670779611932,0.4758070977153673,0.0
-6.055953374471775,-5.400069196934101,0.5061000091124869,0.0
-5.65865460170977,-7.211414923252706,0.9177897579920617,0.0
-4.607989586444105,-9.229830369077133,0.029554320775504184,0.0
-3.212075102890353,-9.116650429423471,0.4298156542577144,0.0
-2.272876478377208,-10.230545248392218,0.44803571964046374,0.0
-1.5160980179039822,-10.843556354115341,0.8348870029082718,0.0
0.40550929248138695,-10.609889700511287,0.30709467517125966,0.0
1.8834806396097123,-10.482698721600064,0.23948612892654786,0.0
3.1107535405331896,-10.358711924789542,0.46627483136844755,0.0
4.1302439032181715,-9.391576058368827,0.7877802209248954,0.0
4.784553534530871,-7.978964845526633,0.1712161275458161,0.0
5.635008237041996,-6.182554418532531,0.38258422349706744,0.0
5.762213448263821,-4.959214229903888,0.46689857163968274,0.0
5.568178616231168,-5.728462499307731,0.897653071168676,0.0
5.978659317798963,-3.7985061907716564,0.4400141168080695,0.0
5.037730717463024,-2.1738968983609324,0.9302428503643906,0.0
4.236641990283907,-1.2287090434831058,0.1889703537658357,0.0
3.3967055044490317,-0.30816962816298543,0.19551864637636063,0.0
1.6342268483216298,0.14361020144717962,0.7465329672137104,0.0
0.2531108508431912,0.741314721252757,0.538035083793202,0.0
-1.0834193568951214,0.7224508630892136,0.7189882508834061,0.0
-2.775788192720924,0.44315941837832723,0.6320817959786444,0.0
-3.9119448873125613,-0.4843324520248049,-0.09072218176531432,0.0
-4.73242406159882,-1.8000818987454863,0.843735626696716,0.0
-5.637469453765683,-3.1001300017732865,0.1743553170325285,0.0
-5.585225312006386,-3.798521800234687,0.43975929863410246,0.0
-5.980344717629589,-5.798335671030726,0.6492728212631005,0.0
-5.347233979694652,-6.977911473267122,0.5660004368209288,0.0
-4.547361258737402,-8.20920358733791,0.45331263673833616,0.0
-3.4245204557715745,-9.542208612933766,1.1842903133187055,0.0
-2.4316176706908927,-10.178616279636161,0.7522409861681908,0.0
-1.2364397999858516,-10.959899226908046,0.8962558569979264,0.0
0.1337605094415983,-10.388278346062371,0.4103057635523705,0.0
1.9676095439335017,-10.803102004126895,1.1936588269387602,0.0
3.5802637370007524,-9.567461725460994,0.36431339446838523,0.0
4.263695449142845,-8.91069920080417,0.7169405674373115,0.0
4.9973428756977585,-7.454078240658141,0.15966402941487134,0.0
5.9186121553320525,-6.471953882398934,0.5386773959686519,0.0
5.677537052289104,-5.075588114669078,0.6576751178676944,0.0
5.463441071379128,-4.933902978359705,0.8734423020256238,0.0
5.4976550580528984,-4.018689746977925,0.7064070966742267,0.0
5.291097282754961,-2.205343953635484,1.1437913480995474,0.0
3.6811576833033466,-1.0294239482250698,0.9850145523881839,0.0
2.7533320710753375,-0.426786257169051,0.7523627141881465,0.0
2.144289961586524,-0.0008314473456433324,0.4785221974327754,0.0
0.66786354879807,0.5615121836830286,1.6546159609268924,0.0
-0.694413515103435,0.3739320333530984,0.749106539803699,0.0
-2.3421511655569995,0.043860363736673395,1.1845425948535164,0.0
-3.1916658878846365,-0.5892334796685073,1.651971250076338,0.0
-4.182783720887071,-1.8576591061164565,0.7754108228200925,0.0
-5.592971280832989,-3.354239941116175,1.1018277617952936,0.0
-5.408957812465544,-4.7655518846801685,1.1062819556629968,0.0
-5.78631397127946,-5.2697253226848995,0.9614601901543521,0.0
-5.14739255266307,-7.336258468078442,1.5495732826200848,0.0
-4.482500307905407,-8.388455654860573,0.8807413025916889,0.0
-3.595388796102927,-9.116697897191607,0.9221793585732958,0.0
-2.0865300573738077,-10.108132441211257,1.142259895831224,0.0
-1.2719174463837621,-10.335942519528189,0.7482078876710275,0.0
0.2710848137039386,-10.394260410113581,0.5849602924996065,0.0
1.9542255406221247,-10.210425004197258,1.5241956372593553,0.0
3.1330965442800993,-9.674889634679028,0.5267888200221074,0.0
4.338681028879596,-8.845967618715568,0.6014824411865266,0.0
4.5643412104132715,-7.546317889093097,0.5431363590408322,0.0
4.983253194516321,-7.273158848767988,0.668411885521674,0.0
5.30185638753982,-5.559556554092158,0.6758130290049207,0.0
5.360371073701002,-5.250166702474255,1.0966411943815049,0.0
5.67270868488593,-3.397573767017941,0.9550546352292432,0.0
4.571468741737495,-2.7641024853284692,1.123389635706249,0.0
3.554902592393285,-1.4684781735595076,1.0534906100431123,0.0
3.3161850727871607,-0.46440116977695084,0.7401197104154489,0.0
1.501978293814475,-0.03986810851561616,0.96129750471717,0.0
-0.03131582268002986,-0.10701816837164291,1.0354773796376846,0.0
-1.0956816300341667,0.5137428117942966,1.1912852939050262,0.0
-2.469560412749534,-0.6975798555861328,0.8939231755922464,0.0
-3.481993180460994,-0.867581434276599,1.3087974783944016,0.0
-4.568598740863331,-1.5144865298740036,0.9713445318619893,0.0
-4.599219602553646,-3.3426559528382715,0.9023168510944766,0.0
-5.052812019565766,-4.1137793607699695,0.6346789271012528,0.0
-4.933785978408891,-5.189178997939581,0.7193426271776072,0.0
-5.268702975293633,-6.618667805872976,1.7896088441699542,0.0
-4.133276783733987,-8.315290175452144,0.44525903669592104,0.0
-3.190718584464902,-9.068412027041619,0.9386372959959638,0.0
-2.5405068129808135,-9.643423942965331,1.1154993222253857,0.0
-0.4567728210809191,-9.92146590268996,0.7565403939423103,0.0
0.780211680156368,-11.063783728468879,0.544636669768186,0.0
1.524212922941995,-9.559353529281415,0.9720304416466714,0.0
2.25520774943788,-9.227293025857833,1.0730621393947386,0.0
3.7436248509347387,-8.466992564199256,1.0515393184612538,0.0
4.768149770515399,-7.556182063166537,1.004612826120403,0.0
5.065513987174574,-6.388222751061625,0.4245408282803088,0.0
4.485583001266595,-5.260431748215656,0.7291312782635657,0.0
5.005782456337877,-5.103074433431614,0.4978057356535429,0.0
5.3843677355635275,-3.347663762880048,1.2799478499684085,0.0
4.268691200912256,-2.795278533588639,1.2361885228022087,0.0
3.1755304381872196,-1.497516050832014,0.5875070872892849,0.0
2.9589527152550494,-0.1926120501662686,0.9340418755839209,0.0
1.5401852738499717,0.30284550992873227,1.1126876678925177,0.0
0.438790766111843,-0.09108570331738386,0.6215001972311538,0.0
-0.8704221115973034,0.0380064640915795,1.0391019620041304,0.0
-1.8509480401703486,-0.5812477959046207,1.4172594414885975,0.0
-3.2188971771056796,-1.1689584437959673,1.1284579124585834,0.0
-4.102549048656813,-2.4585522722689244,1.2114119551441744,0.0
-5.161325946308699,-2.629324822698712,0.5786833526795214,0.0
-5.016482514200685,-3.9163372916042913,0.9687439293461924,0.0
-5.377942592370215,-6.0795336162355165,0.9476791725320696,0.0
-4.912816430813321,-6.800095043020842,0.6594429790753727,0.0
-4.329077687576661,-8.521196520303294,0.288679255810962,0.0
-2.302032138094045,-8.570230812093897,0.8113215185071319,0.0
-2.2309874469760365,-9.493759209000395,0.4729397341229675,0.0
-0.4486420072257631,-9.814988331956792,1.2347056590397825,0.0
0.4527016779039845,-10.031200140402575,1.2711013361221775,0.0
2.052157580841693,-9.480655331561177,0.8369374409551296,0.0
2.37907614376077,-9.771500568270628,0.9254271892864125,0.0
3.41320161294599,-8.50745478137793,1.227167451087362,0.0
4.781891166627077,-6.749491144376053,0.5213077537560622,0.0
5.0380737515999945,-6.349862421327546,1.2606504679811878,0.0
5.573734451270565,-4.855918928429048,0.4430949258030257,0.0
4.772984226080714,-5.250109469197343,1.113319393970069,0.0
4.583783216153055,-3.2280560331117734,0.9484387302234135,0.0
4.758044328636546,-2.9818770714075704,0.9695048703097574,0.0
3.9220328391600243,-1.315907759965024,0.4152223508875753,0.0
2.174220200384584,-1.2270894325576047,1.2177378291850585,0.0
1.8837310992929823,-0.611446997522492,0.6820004703621105,0.0
0.16003425853030406,-0.27124656352075865,0.8089813186755779,0.0
-0.794966419813873,-0.34079686989679586,1.1119347537433737,0.0
-2.446594076226466,-0.7929122714461574,0.5882094417743318,0.0
-3.35052326016819,-1.0229967812975427,0.8581456753097227,0.0
-3.113686447535248,-1.9366410918105275,0.7958497621241858,0.0
-4.662398309517071,-3.1756854872001448,1.305998927344306,0.0
-4.671276297457783,-4.784189714377668,0.8070629487610481,0.0
-4.7559239006814975,-5.253952967257217,0.8347538054411394,0.0
-4.374767960506817,-7.1042617787859506,1.256954641011361,0.0
-4.231119204757838,-8.081474092803596,1.0140568523656235,0.0
-2.987812364011905,-9.382626015101387,1.2352729468642076,0.0
-2.0628736524856284,-9.094520055319762,0.983172831705881,0.0
-0.6213609873479897,-9.781978527799167,0.6327165037670534,0.0
0.0293393737161885,-9.628336365098024,0.9345760948976347,0.0
2.035203879283734,-9.280023077103381,1.5532427782733675,0.0
2.5065648059065344,-9.162559346014286,1.007936809626351,0.0
3.392045549343731,-9.138127655763682,1.290413175013416,0.0
4.059259446627725,-7.036436391504545,0.9505845344949938,0.0
4.636487279556082,-6.413990215997677,1.4216987540369996,0.0
4.889159913758508,-4.945353200149877,1.1208978049448681,0.0
4.4587182460633965,-5.014401800858207,1.1678755783371166,0.0
4.341894561923587,-4.02298632915136,1.328456629151375,0.0
3.9577993101165867,-2.911178285380989,1.3139267714523126,0.0
3.440559583742991,-2.217211768060553,0.5202807060157951,0.0
2.126757597205677,-0.9025328445961407,1.5067144398421108,0.0
1.6200970047138443,-0.495747253886509,1.561360654147451,0.0
0.037183569631984825,-0.4541358081134011,0.5151818545262418,0.0
-0.09217268621244346,-0.5828831725272396,0.2136821088590648,0.0
-1.7074249815484583,-0.5953392993924205,0.659575512682792,0.0
-2.4904317403325416,-0.9517199466287334,1.0544744830692412,0.0
-3.7305738773701655,-1.9347247865522075,1.2990462071636335,0.0
-4.19102339412011,-3.4984546033476147,0.6916216341727797,0.0
-5.02362857115266,-3.946070475699348,0.7060955205166827,0.0
-4.830488822923828,-5.26685790594635,0.3674204847130845,0.0
-4.3197915639953814,-6.865546194189836,1.040858612739592,0.0
-3.7743620555083663,-7.501876390386154,0.9257758991253018,0.0
-2.3750441509062643,-9.011960921358286,0.8904903539495751,0.0
-1.9121278933908874,-9.353953727698284,1.107544562681781,0.0
-0.6242469080983825,-9.29547782612615,1.1539347434039362,0.0
0.6054194097859843,-9.843022852883415,0.9876679731451118,0.0
1.1794119975475073,-9.537525077107901,1.1203723221460808,0.0
2.1485823196900666,-8.448162503832766,0.6073256652172385,0.0
3.802200446261099,-8.238676829865312,1.0816019486890587,0.0
4.440387934158449,-6.942307907495525,0.4484181838383061,0.0
4.248241965296893,-5.925714017315969,1.0801021725070017,0.0
4.546575438352508,-4.992427449744441,0.8870348327565507,0.0
4.136137554406774,-5.206230377905981,0.395931268322773,0.0
4.331905266771737,-4.512352749757679,0.730416916189753,0.0
3.9319183436394245,-2.802562517648204,0.8835453159436437,0.0
3.1111701958200655,-1.6127568655794249,0.44657486754983006,0.0
2.2528227781805943,-1.223107840363066,0.5336774703683929,0.0
1.5004551497634577,-1.1497924019977854,1.0999925781073463,0.0
0.05073073806421255,-0.48300879338384284,1.0698065807834776,0.0
-0.7859843301297453,-0.38586387209401346,0.5196934813691642,0.0
-1.6280517681167506,-0.9152122568327203,0.35374495728774735,0.0
-2.412503060554985,-1.463169095487765,0.892870431195715,0.0
-3.663432397916958,-2.9980893253611987,1.2088056563305942,0.0
-4.18236656271574,-3.287176410837838,0.8037589918502136,0.0
-4.595029518795532,-4.605250987949568,1.0553890757008122,0.0
-4.8414837203019925,-6.235190040552973,0.2220378103227788,0.0
-4.588189931481658,-6.916658820235768,0.6352846527530769,0.0
-4.133630127604874,-7.8058948058872,0.9007741270126506,0.0
-2.3298618848027863,-8.452140351834423,0.5808882262719293,0.0
-1.94788254773618,-9.002628932558647,0.5839651121937643,0.0
-1.2052161458838546,-9.910859586808625,0.8079103864477495,0.0
0.5484114831239826,-8.90110452122791,0.8188775619022357,0.0
0.9834071691170654,-9.088628866129936,0.3922515377296206,0.0
1.5721753197300945,-9.043736959676792,0.7140481821987315,0.0
3.537967433871869,-8.23479116449544,1.076968837984181,0.0
3.804915051603204,-7.432754353864862,0.8361589344611159,0.0
4.136160236217527,-5.866710897673559,0.3615542390581731,0.0
4.1736067312161245,-5.242517912093324,0.31480673362219336,0.0
4.0245613931250075,-5.351268681512534,0.30060747004482985,0.0
3.6949765702046595,-3.9424118144932394,1.0421738883450578,0.0
3.8156051029140015,-2.6986051627299608,0.7526535989898334,0.0
3.419015702850738,-2.7194297667058316,0.28168051903734764,0.0
2.4165025867725913,-1.6689104840087192,0.9269570081125142,0.0
0.7656407949476158,-0.38645011438370114,0.17814276801474943,0.0
0.46112394864181294,-1.5881055681974385,0.4104125711629659,0.0
-1.2315451110708,-0.7263356140853559,0.06170998348690726,0.0
-1.1448504275359115,-0.9544569952378201,0.5398980949469934,0.0
-2.1251654685004873,-1.4387297695016505,0.27320412436212343,0.0
-2.967914291020874,-2.659420351249351,0.9896912338959192,0.0
-3.8621071606308828,-3.30127224539196,0.8787036018024625,0.0
-4.159899642810872,-5.00898661269928,0.47726794439801823,0.0
-3.974570822831,-5.292956433307844,1.1145574810348746,0.0
-3.6110813631949874,-6.815766841133864,0.4980989273316059,0.0
-3.4920253716925154,-7.668870566314667,0.7925721553077922,0.0
-2.6732307960009933,-8.798378204612968,0.7004561408007559,0.0
-1.543070256276141,-8.92300110985586,0.3473773887590939,0.0
-0.3727227460236816,-9.399859095851163,1.0083334861485458,0.0
0.5253940670823083,-9.308408534936872,1.0640600925971384,0.0
1.6490860522606858,-8.840705368744217,0.9658432523061722,0.0
1.8124409174930682,-8.59443949057025,-0.22835215513980867,0.0
2.8948147072020998,-7.704342299682015,0.24108597874419918,0.0
3.609189134758833,-6.932329874630114,0.8309908288367246,0.0
4.467759005140868,-6.453192411729187,-0.3628332565718285,0.0
4.0672515138902,-4.697787760503435,0.7906827127690861,0.0
4.050057259754476,-5.118864291757011,0.4831450306633069,0.0
3.7531264021359148,-3.7173021883934734,0.02778641477963839,0.0
3.884742926246708,-3.224717087319592,0.6402336938924615,0.0
3.263284935395595,-2.216947305417214,1.0093637509030309,0.0
2.6698601327929365,-1.7905176384539623,0.5563176626282262,0.0
1.3311137303182463,-1.1248931429922229,0.3620233717708437,0.0
0.34710877677078733,-1.556561547249432,0.7817174421606288,0.0
-0.5549265743207704,-0.8805488508038836,0.3309661879177302,0.0
-1.3119833019081502,-1.4215351637288498,0.4048002046620483,0.0
-2.4370329344277817,-1.2433198536808323,0.10449514356618556,0.0
-3.303683016379998,-2.7161834260438367,0.05929528791422445,0.0
-3.8010312014762264,-3.188859522272056,0.9743688396310644,0.0
-4.090336673824686,-5.060541581734115,0.8956349521484916,0.0
-3.7530306303144334,-5.381686196017167,0.5373786616364504,0.0
-3.963009121114358,-6.004167109440886,0.5470884025147285,0.0
-3.217788619919915,-6.973197850380265,-0.12294417639842292,0.0
-2.7737286896708278,-8.189529520118,0.6221435430261363,0.0
-2.0406080877595216,-8.434320965373795,-0.1651117962053223,0.0
-0.7098919383916179,-8.440135278466478,0.1464323907228453,0.0
0.351799903413212,-8.736156573722186,0.40898108000295375,0.0
1.6181574045782217,-8.737161405990639,0.34214250984062927,0.0
2.5388286645368474,-8.362431266686782,0.3508359309051455,0.0
3.189127808890781,-7.7580167101566895,-0.1782998067762917,0.0
3.4906280569469628,-6.919178173872922,0.7993095000518752,0.0
4.2490643249179465,-5.507120709127313,0.8177123136411764,0.0
3.9772540008139883,-5.365026947040991,0.35695510442427864,0.0
4.207653262255428,-5.195223046348785,-0.03231818763380212,0.0
3.96279049922806,-3.780484550280441,-0.03617530342504974,0.0
3.580420073021341,-2.9204942960576674,-0.06802391384669074,0.0
3.1579368011530025,-1.8543701559024535,0.3229029489180367,0.0
2.2325129490767144,-1.5365945992802887,0.015243444898732,0.0
1.3766315789937758,-0.544073246953975,-0.4054593610644874,0.0
-0.09761223928333362,-1.3303555409219743,-0.18121929197712272,0.0
-0.4874342576812761,-0.9826286844282098,-0.010714166068664599,0.0
-1.4958503562301935,-0.9258547738295237,-0.07601548327987437,0.0
-2.4050239580255774,-2.0138467072876023,0.07391236389174813,0.0
-3.1484191583224153,-2.7030411079277457,-0.09197480307960118,0.0
-3.49598144881758,-4.474717040449689,-0.014749335334693414,0.0
-3.589916513154383,-5.075462292053302,0.2083888977378266,0.0
-4.463154614351627,-5.534435940804332,-0.40235324677492296,0.0
-3.8107705835071024,-6.342204279601971,-0.09588830372133134,0.0
-2.682154919622242,-6.928860480341156,0.059288523382855354,0.0
-2.9249248476286973,-7.904395580959321,0.12012228558077485,0.0
-1.6114736226952426,-9.069146329037297,-0.12214372930440165,0.0
-0.613302463558183,-8.918779119093132,0.37949192248239855,0.0
0.02471293630756416,-8.951555324978976,0.11809655822466303,0.0
1.0004716449399462,-9.255307062042167,0.3638863035626678,0.0
1.4829514434463933,-8.135517162849732,-0.04815124683196095,0.0
3.115788134911381,-7.940020021745731,-0.28750941822824483,0.0
3.648669516936836,-6.855034560691862,0.6179718566614645,0.0
4.0347386604585935,-6.354768545510477,-0.15211505050050866,0.0
4.276334637074348,-5.531497100418738,0.36590289580155,0.0
4.066940057721756,-4.918657328681873,-0.03408026447184592,0.0
3.7335946414839936,-4.046557413952964,-0.1351400370305555,0.0
3.5271830726518303,-3.2240745641325894,-0.036990164375703724,0.0
2.7549403858566284,-2.483680984846427,-0.08177297041644069,0.0
2.3704779592993956,-1.7359921263216662,-0.43572975185117724,0.0
1.5018611824650387,-1.590059330507033,-0.03817363156092034,0.0
-0.1540945952347964,-0.6762400162881061,-0.23054603706704002,0.0
-0.9943197789409326,-0.9471724274265968,-0.3309968819153295,0.0
-1.6381445752832788,-0.6857219178721946,-0.044410556459816994,0.0
-2.368219636528151,-1.9472970612974145,-0.2497675098538183,0.0
-2.9719918505630813,-2.815465464044644,-0.6673805807051053,0.0
-3.681117363600306,-3.4031262365591126,0.2350819941225857,0.0
-3.88771994662307,-3.9552058034027433,-0.4664775641738821,0.0
-4.045149752902394,-5.615680339066317,-0.40293504542623015,0.0
-3.8678151653733446,-6.439433892642618,-0.30776568294310314,0.0
-2.6169023341003914,-6.859313743558409,0.42087098172008064,0.0
-2.9348123564381257,-8.704443226870602,-0.2982210265594645,0.0
-1.7553096359835128,-8.212838896776876,0.015896704596852607,0.0
-0.7070129816228873,-9.2178805587602,0.20049924414083733,0.0
0.5155881606804051,-8.595929101830494,-0.2675229728733401,0.0
0.7750148713687937,-8.717447974708046,0.005561482192898398,0.0
2.0937573120545223,-8.866146071689236,0.03947343541761822,0.0
3.5086119370710724,-7.78914161684078,0.11629124022480355,0.0
2.8542941090692935,-7.019296328683676,-0.03523851475619398,0.0
3.632432680812557,-6.393979341471187,0.6912754271148085,0.0
3.946267507322253,-5.028519412681433,0.05810678656348778,0.0
4.176030349024543,-5.05424811327124,-0.4187369258375522,0.0
3.805619598642793,-3.313050292686339,-1.003312089950966,0.0
3.728162318701902,-3.2066497942487193,-1.025481331559892,0.0
2.55939402469415,-2.1370885667549566,-0.29397320560703066,0.0
2.280247046266087,-1.879050667113633,-0.1735837654157628,0.0
1.2822180421658795,-0.8323554522309295,-0.6253427515856328,0.0
0.47917928533851817,-0.9790283015087545,-0.7547128661634286,0.0
-0.9622750126227314,-0.7500762599772189,-0.96495222653046,0.0
-1.9113023363324166,-1.146415656371877,-0.7692714644485836,0.0
-2.4565946912821692,-1.742401004588327,-1.1300772362140983,0.0
-2.9729544622940534,-2.514623580083583,-0.20614953567929825,0.0
-3.636880438478677,-3.169588984153522,-0.22516153094067315,0.0
-3.815192959172137,-4.399474466011994,0.09301209743174227,0.0
-4.379098067606231,-5.7677580883467785,-0.3062141583601501,0.0
-3.5452915186701377,-6.513781100678107,-0.2566651052445239,0.0
-3.2566167026705606,-7.3431941007058885,-0.6074315007236574,0.0
-2.551772238231547,-8.935481890681453,-0.41303382242305836,0.0
-1.7751248283435177,-8.88058518949861,-0.4686543895004343,0.0
-0.4501289696680895,-9.732958143991128,-0.8421464792572837,0.0
0.10963651186613546,-8.562254413912807,-0.2298795576536124,0.0
1.155808785704342,-9.581456468281903,-0.34815075857630456,0.0
2.0402539290723793,-8.650972632864315,-0.3053678343908177,0.0
2.637153571373432,-8.376351467339383,-0.3209462967868405,0.0
4.026386354100306,-7.381883263682134,-0.29451754880893416,0.0
3.7804727452401337,-5.868896782806732,-0.43604794610550524,0.0
4.2665917210935955,-5.295782830014631,-0.17448860214551196,0.0
3.9687877551739614,-5.297236388485943,-0.650344277050998,0.0
3.827663558758711,-4.15825138467008,-0.9430295988598676,0.0
4.033254143515586,-3.0977125390362605,-0.7341158842017383,0.0
3.0485755616625863,-1.821976879368331,-0.6088039801316243,0.0
2.200000290466829,-1.195221088435002,-0.685961502175877,0.0
2.0754380493030022,-0.7740033778997581,-0.1496736696438693,0.0
0.0850379297484474,-1.1058623572824304,-0.34390592534822306,0.0
-1.080622305807288,-0.45282390832156894,-0.7847693219683607,0.0
-1.7957816713222547,-1.3158158659557684,-0.5993889720527068,0.0
-3.199448590198407,-1.8702286709945284,-0.7215815284339584,0.0
-3.3344441394096056,-2.794634894625979,-1.1232654193422462,0.0
-3.780636749284696,-3.585257700117436,-0.3842809405591454,0.0
-4.6853657219565825,-4.561560186838873,-1.0034695644370413,0.0
-4.304785563925032,-5.701150714537354,0.1059721661416414,0.0
-4.127291809196291,-6.775579384463437,-0.7748599827527862,0.0
-3.4567557822324,-7.203779948259043,-0.8315734196908506,0.0
-2.2483313068326414,-8.391244302476455,0.09671998796012582,0.0
-1.7139221404179088,-9.182238883547639,-0.23866408659333188,0.0
-1.0845526665831784,-9.318226000434333,-0.5248014720969914,0.0
0.6786229738912255,-9.03307618740152,-0.8622585596065142,0.0
1.295657917206531,-9.35886308067374,-0.7516471748344761,0.0
1.9403239865090158,-8.054955322740703,-0.7495918357643068,0.0
3.322225419669189,-7.831857674229496,-0.8781157270680469,0.0
3.376625605136803,-6.486268192817326,-0.6339988586070944,0.0
3.967434797194372,-6.20498276197779,0.021934632290299017,0.0
3.8902530144063276,-5.061199342555962,-0.7564693255126593,0.0
4.269996068167364,-5.596932177916643,-1.1672435054355113,0.0
3.853674761091457,-4.198644306668162,-1.1013342468009355,0.0
3.6080511579288603,-2.380981897644247,-0.9426617672302751,0.0
3.2236464185462945,-2.3782956227983663,-0.2945196003340157,0.0
1.9267055372188426,-1.2610267274775675,-1.0853745900550866,0.0
1.768962129108811,-0.42721725387835624,-1.1393482564216293,0.0
0.3043432956622705,-0.6269892573313789,-0.2963665465825008,0.0
-0.1995216969523157,-0.6322600385133293,-0.710091432201388,0.0
-2.194090053196092,-1.1687505803569411,-0.46031899134320287,0.0
-2.7883578127882,-1.585428678831114,-0.21729073610493355,0.0
-3.383652529247862,-2.806844170431389,-0.8376123745472803,0.0
-4.138668634702921,-3.463106403327094,-0.7051363138022647,0.0
-4.099854701539746,-4.4819706159711155,-0.7496639566520091,0.0
-4.451156069943889,-5.920906750610498,-0.8150271095260933,0.0
-4.330553256895772,-6.291086030317989,-1.0089102672568466,0.0
-3.8471081070539284,-7.5004273451344226,-1.00836035716613,0.0
-2.4297896580427474,-8.604812884494931,-1.0296374429677773,0.0
-2.006877006060151,-9.482384816368981,-0.1888275694532855,0.0
-0.7045656492564117,-9.617843213523521,-1.0879596869440291,0.0
0.11933503073210824,-9.531890143934707,-0.3790040400293986,0.0
1.726701808687076,-9.279401692735679,-0.2277336262764582,0.0
2.828883134262301,-8.530556011328674,-0.795526134008704,0.0
2.828529539534584,-8.162623203778082,-0.7844953215031697,0.0
4.24929571838022,-6.864163689859469,-0.4150075317694915,0.0
4.672438610628195,-5.632097886427461,-0.6756412329562138,0.0
4.384813702478387,-5.02518852889152,-0.5619386359663611,0.0
4.873596435467267,-4.822005520295404,-0.8144446870687216,0.0
4.407093632350458,-3.889933112437752,-0.6899650063687024,0.0
3.837922613384961,-2.7461574194326923,-1.015461921507884,0.0
3.148185751004568,-1.7807592899823368,-0.9812257167780851,0.0
2.4334525136297493,-1.214555140966545,-1.157388014361547,0.0
0.816806394726888,-0.8568312324127823,-0.9561724853487811,0.0
0.26553290148658637,-0.4852187601440992,-0.8359340990167241,0.0
-1.0386593505131525,-0.43368753555657075,-1.0849293279558574,0.0
-2.0253519998991933,-1.2546679675731185,-1.0833162684998277,0.0
-3.521930954030099,-1.4210087719953977,-0.9581278460556564,0.0
-4.005583819266935,-2.365366645852378,-0.7801840930902065,0.0
-4.61200642020752,-3.5757921074131547,-0.48954793166405997,0.0
-4.449398779120821,-4.342338276889706,-0.9004273048084225,0.0
-4.721659423717423,-5.431447486343316,-0.9681815563154631,0.0
-4.28244157568883,-6.338435446465842,-0.4910958037262999,0.0
-3.7406890657539287,-7.812161245794222,-0.7281721542101616,0.0
-3.0719693488484254,-8.686872748440273,-1.1862196262831806,0.0
-1.6640261579503903,-9.010714474189372,-1.144535586030369,0.0
-0.473215613256673,-9.714739236000321,-0.5136693530210303,0.0
0.6338634852671531,-9.42779815224578,-0.8447271547969913,0.0
1.3097814307653377,-9.652586776846686,-0.6678586244401168,0.0
2.9021905676513247,-8.669087574470051,-1.0884295006234388,0.0
3.2889491391614554,-8.014756251486318,-0.37429762087434804,0.0
3.2012268916653026,-7.383199029959918,-0.812094077434874,0.0
4.347873088563085,-5.506038185278246,-0.4200318912685647,0.0
5.111976756230737,-4.805429850948397,-0.9355975068799328,0.0
5.244049997255291,-5.409542463271542,-0.7410894457069698,0.0
4.847715054594348,-4.0320901070973525,-0.5927171148002575,0.0
3.831875365070948,-2.5903434630926374,-0.7881524110472702,0.0
3.4016642923561884,-1.7194168188799115,-1.0934747864651473,0.0
2.427318834715842,-0.980407051862937,-0.9002850523689494,0.0
1.6982754341033897,-0.5273009171074201,-1.1045931113680432,0.0
0.001423212819756603,-0.46097961008496624,-1.1404813823498396,0.0
-0.7970438426512151,-0.43032639926276595,-0.7473728860352462,0.0
-1.8948155731772065,-1.0814375188030925,-0.6982696600563408,0.0
-3.0732118227154426,-1.2384964807506378,-0.5233911408869916,0.0
-3.754340864806765,-2.056638163042497,-0.9606427899570489,0.0
-3.9582203046095494,-3.048942776904557,-1.1540731927096572,0.0
-5.350063653765246,-3.848496389638841,-0.7168135632386385,0.0
-5.203922980725878,-6.427096151113728,-0.985925867244353,0.0
-4.217452012051301,-7.163311535162585,-1.1396952341263162,0.0
-3.9089110829732423,-7.7939637942100894,-1.1028340999048636,0.0
-2.8139648378705004,-8.937697810201954,-1.350303760265727,0.0
-1.7076184211664653,-9.708526970720435,-0.978641916787607,0.0
-0.7464487844427976,-10.279104447732443,-1.1548765053875205,0.0
0.26345692019546585,-9.52253377745446,-1.2989219337311126,0.0
1.4759009069635942,-9.407258204956776,-1.4670904653224293,0.0
2.6195118765310648,-8.969463681669845,-1.0015197655906758,0.0
3.4953879332115596,-7.992245359068025,-1.364034008034896,0.0
4.353466618919643,-7.236803670411184,-0.8075019736200381,0.0
4.1889584313746,-5.876046363621494,-1.125271874219685,0.0
4.86867873427791,-4.960493397988012,-1.323033243408853,0.0
5.05949936682968,-4.723798879688766,-0.8274044945091766,0.0
4.764465615055032,-3.6320549599000413,-1.0357342832763692,0.0
4.376782418998895,-2.189108751477257,-1.5685265855182302,0.0
3.3385893139085585,-1.7016173481670733,-1.0211039631101162,0.0
3.098397567019428,-1.1349449876163842,-1.0252430373729364,0.0
1.3970279476940246,-0.03557773451693655,-1.4166155998461751,0.0
0.5805492746491674,0.6226644026551238,-1.6053481237516256,0.0
-0.9538228440084954,-0.13265173049225823,-0.8860252972746047,0.0
-1.615329187886847,-0.6594973567781286,-1.2126698788394714,0.0
-3.1893808645786907,-1.4464525751396695,-0.6370451261905339,0.0
-3.8911519649052924,-2.204940570570646,-1.3293241349165292,0.0
-4.947563424656692,-3.147357355541344,-1.4439117173046423,0.0
-5.0847616908351005,-4.466182251930305,-1.103452896702119,0.0
-5.130593059472193,-5.8292130085724,-0.9397761222552894,0.0
-4.620512689248425,-6.818190493391672,-1.5074152998124257,0.0
-4.1299921916812865,-8.210866499077756,-1.0324089717581924,0.0
-3.110610630083807,-9.389407681139167,-1.1283070235093149,0.0
-2.1953556566523043,-9.501330978361018,-0.6091052722676162,0.0
-0.8588513211122291,-9.72162688644391,-1.3747331382375245,0.0
0.7216044690847236,-10.066411332118394,-0.8571359510324553,0.0
1.6463648918363298,-9.923197754827235,-1.1199705739600911,0.0
2.2420404601800428,-9.490274714156808,-0.9080826405645119,0.0
3.670642976230498,-8.170791604456461,-0.6935871043627436,0.0
4.741430278819073,-7.675442292179544,-0.6842281855532186,0.0
4.73719616794598,-5.787602237673982,-1.0649112003939107,0.0
4.599359876763088,-4.873990456905066,-1.2328109598888692,0.0
5.418694343738854,-4.567328653726902,-0.7154226204888112,0.0
4.9908687246670755,-3.4963204006409185,-1.2762597631442194,0.0
4.573695542905359,-2.6971383558301185,-1.2268790538628649,0.0
3.9532942995016875,-1.1988262124130111,-1.0586092092970547,0.0
2.567933568313381,-0.5111993449276242,-1.3627834557065748,0.0
1.9350361861990895,0.3564326878930015,-1.0566184955666282,0.0
0.2103285151079235,0.5401923829363876,-0.9262822928911992,0.0
-1.1494717059292756,0.06299274685249845,-0.7601572964388194,0.0
-2.092739097059961,0.24933115101251807,-0.5260667768867109,0.0
-3.366274769562584,-1.1865040720419078,-1.2322206070002135,0.0
-4.204664208208602,-1.2317192445083471,-0.9096485406083183,0.0
-4.747376385228538,-3.112302436082113,-0.5987561947132316,0.0
-4.446197589086353,-4.522250093975582,-1.2314064978569559,0.0
-5.341767996964022,-5.492920881890957,-0.752857742363028,0.0
-5.062101694864337,-6.497363342622929,-0.8066793113985465,0.0
-4.50644791815594,-8.319947995342092,-1.605012279985142,0.0
-3.628923774679549,-9.291198506669302,-0.9136997425035116,0.0
-2.674777372399892,-9.975732896035229,-1.1415288568527786,0.0
-1.1463429380254933,-9.262233866030563,-1.278967930011238,0.0
0.12787176909536097,-10.446921791999253,-0.7240462911118993,0.0
2.0338501078473192,-10.42754844655438,-0.7592809882388584,0.0
2.482612078042244,-9.508709879933349,-1.2073850279560037,0.0
3.9577790148649985,-7.993101324681185,-0.6620041908431532,0.0
4.750260732874631,-7.675037639918323,-0.7559777701513452,0.0
5.27991373618932,-6.351513546073558,-1.069359337862091,0.0
5.076075425710369,-4.476351431149315,-0.8965331354349445,0.0
5.552353222531087,-5.41429790539394,-0.79953316452641,0.0
5.587635685152699,-4.008336313164953,-0.6913658937059939,0.0
4.371488205304795,-1.8574274183444242,-0.21794371681433855,0.0
3.922689963026453,-0.9201322174488558,-1.116883211046984,0.0
3.647694165297678,-0.606744219587893,-0.6595724954592257,0.0
1.5316761472705025,0.302865457806639,-0.9216265168254941,0.0
0.3978543605971563,0.398045584536624,-0.6793429916149031,0.0
-1.287562038218181,0.5969506956639232,-1.0504828152505654,0.0
-2.3996486089946303,-0.04767999846069223,-1.0873747801362783,0.0
-3.2052764642064986,-0.6621140032205711,-1.2038338687078243,0.0
-4.506902232424146,-2.085296146562969,-0.934818008819309,0.0
-5.275573189517096,-3.0270810631236165,-0.3558205001891685,0.0
-5.21436825613299,-3.7862956196760935,-0.9927801239333076,0.0
-5.740973965014865,-5.211944207147939,-0.600922081809929,0.0
-4.731514809325707,-6.737579516859189,-0.8444914116552978,0.0
-4.579433207480616,-8.155166343433587,-0.922070949144782,0.0
-3.810596169812488,-9.599024512182787,-0.3716937154496127,0.0
-2.1442692965396897,-10.162455590415208,-0.8508355685600235,0.0
-0.9955378395967442,-9.946696232053592,-0.8236793708897358,0.0
0.13694566047718007,-10.140995289821339,-1.1954345974952356,0.0
2.0552953023561678,-10.499650590019002,-0.5592317875142525,0.0
3.664421343139832,-10.273772312351406,-0.9358671113913117,0.0
4.405261702626984,-8.740053819361897,-0.9509187737088438,0.0
4.556596056817699,-7.476446125632971,-0.8942251738498149,0.0
5.348923372336825,-6.189564136245289,-0.6184045404877127,0.0
5.856805482494861,-5.2926774096213,-0.7106644586541082,0.0
5.6518410871028175,-5.108521230638328,-0.7690719720504713,0.0
5.180118253444391,-4.015968633362163,-0.9888444260052898,0.0
5.2935175085095,-2.5282734631228823,-0.6017945303119933,0.0
4.146344306347445,-1.1271323321172717,-0.6017481827352079,0.0
3.245097445823643,0.09306921219940667,-0.6924800345322285,0.0
1.5300789938219115,0.0015133055337351875,-0.5342628632981441,0.0
0.13000614798518037,1.120209989792008,-0.65920577251576,0.0
-1.1089207069653817,0.7617298290264531,-0.6732802619198746,0.0
-1.8394167557255805,0.3318969544166043,-0.9612674314015239,0.0
-3.9352404327232904,-0.9470421842925931,-0.6712928025939728,0.0
-4.641619563403437,-1.115142103830391,-0.7033465335885437,0.0
-4.763648823663659,-2.3158074275645832,-0.6964633498265749,0.0
-6.483818312971574,-4.000420859370194,-0.9851452845659716,0.0
-5.12896959222569,-5.854286950897039,-0.435908674376318,0.0
-5.074685159992559,-6.908279855732044,-0.8442726432061944,0.0
-4.935077179594854,-8.115620169374958,-0.8680502519815576,0.0
-3.467332880299782,-9.283041209340306,-0.911453410998708,0.0
-1.8900088373498731,-10.397600051318289,-1.0481081763365367,0.0
-0.7769345315190779,-10.838514483153,-1.0358790367787538,0.0
0.2462257646537972,-11.008423727937627,-0.5655400516918526,0.0
1.966309997353626,-10.286514759168194,-0.3190592888047457,0.0
2.813070473575837,-10.269097189676458,-0.38761232162654097,0.0
4.353851288609245,-9.276402345992011,-0.8106395405194337,0.0
5.076754949230033,-7.823716824359797,-1.03242810771514,0.0
5.13910705021682,-6.398154860634143,-0.8102145070934058,0.0
5.721438638688383,-4.754897052111797,-0.3110968918405145,0.0
6.017676192430315,-5.0725265378854365,-0.7492422849688549,0.0
5.602340125844088,-4.059576146502914,-0.22805134318945974,0.0
5.5587411186552105,-2.257377171741774,-0.6412147803708365,0.0
4.167438049723601,-0.7980075883604757,-0.9715731377431247,0.0
2.8465477895399935,0.14374308002756483,-0.7117076576201697,0.0
1.842250610512542,0.2839437705300653,-0.6199927333084324,0.0
0.6074658984718412,0.34187815131838095,-0.9009722483374332,0.0
-1.4016386710767659,0.6615974228086771,-0.717194056141106,0.0
-2.1965044530131763,0.20851207957754836,-0.5490325365178441,0.0
-3.8040094691640243,-0.25710947865386913,-0.4744881623243413,0.0
-4.6761216171469595,-1.8170874240711745,-1.0831080682597825,0.0
-5.148007109361278,-3.029091453035564,-0.4677224486982601,0.0
-6.287675327636544,-4.602081716626987,-0.16656935654690413,0.0
-5.93193942316526,-5.686590699988968,-0.34593359525113504,0.0
-5.331762308499863,-7.039858711632108,-0.11483195395186041,0.0
-5.04468687191275,-8.394401466775049,-0.5565190458623976,0.0
-3.283390389434435,-9.234506423841195,-0.735349300618719,0.0
-2.6253500114402315,-10.3068232349434,-0.3381512942420349,0.0
-1.178307671577803,-10.546448312778946,-0.8071532033601522,0.0
0.14067880234490837,-10.746086387794158,-0.03778718065576525,0.0
1.6807931894859403,-10.88802178124453,-1.0358866345141995,0.0
2.196469573629126,-9.981131742552417,-1.1343331505214933,0.0
4.82963378642023,-8.89032326308385,-0.8760207752016811,0.0
4.833296854611548,-7.8827655587385275,-0.9449647457777419,0.0
6.042710963296147,-5.749101105783229,-0.6149709444583791,0.0
5.789722883330863,-4.8513662900979755,-0.5056193363752338,0.0
5.609394398070546,-5.000543438918884,-0.27420613796841276,0.0
5.818593273388292,-3.593573685468959,0.13435623137126826,0.0
5.277289093776073,-2.1310574121646106,-0.6465233747231273,0.0
4.390690468225346,-0.8416614905687426,-0.4934800189025005,0.0
2.6978952128894016,0.2659320693140773,-0.5660662853264848,0.0
1.4647372076439864,0.11699431662634563,-0.40231137978675446,0.0
0.7852446621722629,0.7030219185234294,-0.5656092980677556,0.0
-1.2679713228317038,0.47629038865122675,-0.6509252861871667,0.0
-2.5025713923932194,-0.00010034237232958709,-0.10148378287846513,0.0
-4.251685652095144,-0.4109140156229948,-0.4278328750380562,0.0
-4.89015244174507,-1.2736336379153763,-0.27957077049759643,0.0
-5.25586100629012,-3.185870973589987,-1.1136624393297938,0.0
-5.535663762412753,-3.918677187272035,-0.21316269425824397,0.0
-5.9161300432173345,-5.491304762251525,-0.3033747266622951,0.0
-5.494544273483536,-7.20112916042339,0.016892282602284397,0.0
-4.902745073964562,-8.652863285183729,-0.4068933407530564,0.0
-3.219031985449126,-10.083825421615755,-0.4784728231398254,0.0
-2.2684928592756837,-10.273999144993955,-0.6796861537087201,0.0
-1.3826921610572753,-10.721286194603728,-0.3191417178607605,0.0
0.21918082002676903,-11.183784782559838,-0.15434410243730873,0.0
1.8502963321798667,-10.356385544326411,-0.12615315024280155,0.0
3.518620708958611,-10.43863270609782,-0.13136745099634392,0.0
4.044143867568031,-9.063044489063737,-0.023065329678226748,0.0
5.426782625400867,-7.423591165771656,0.08013989152978354,0.0
5.673833335697312,-6.30507518201257,-0.4467250589343975,0.0
5.727624069739124,-5.156559560090937,-0.548418539880973,0.0
6.08613262734521,-5.073013127308303,-0.03901613303789856,0.0
5.918505536887331,-3.348003336141838,-0.17765694212420866,0.0
5.115607941656141,-1.8651482123897236,-0.019309368786423694,0.0
4.942622744911189,-0.3640006412951541,-0.027827462907705425,0.0
3.219341285120718,0.28218915635418695,-0.602425542673048,0.0
2.5146344349858145,0.6704920427260788,0.5244369366139273,0.0
0.4058011280976423,0.9241925008940345,-0.17167785690434662,0.0
-1.656327321859362,0.9581740871938327,0.13356365390756178,0.0
-2.288170370544915,0.7263468546827574,0.060898524010486524,0.0
-3.780618718368363,-0.6241628353252895,-0.0824088485142133,0.0
-5.308483836659331,-1.294022728651881,0.10038344844709868,0.0
-5.856399653116722,-2.5197841192453003,0.32794411179770716,0.0
-5.76565029441498,-4.04111202200034,0.2043857018423571,0.0
-5.17110055101063,-5.835405505131382,0.428029696538926,0.0
-5.2759469543643105,-7.284640442103128,-0.24935608713323684,0.0
-4.325900880176714,-8.101067417813187,-0.3759485543747039,0.0
-4.168094539272724,-9.852294636340932,0.05814619473801294,0.0
-2.539295582712059,-10.408788221897915,-0.2640081641558318,0.0
-0.6828714629205568,-10.997085074426955,0.2176078054398322,0.0
0.401365707189696,-11.424887150176978,0.36655871805412493,0.0
1.6637606780832037,-10.280393646887712,0.0833110620229957,0.0
2.5955087722654224,-10.130800866981412,-0.04235190977186913,0.0
4.468195645580349,-9.353513975661429,-0.5752543537970626,0.0
5.814602588311235,-7.778381948777045,-0.04380080582985174,0.0
6.051588226027206,-6.682332522068365,0.031008050360917895,0.0
6.382364006536733,-4.9243609715687,-0.3327156493974533,0.0
0.2681483830590671,0.6875955427473882,5.685292600142814,1.0
-0.18139568797391153,1.296644933504084,5.342556216491683,1.0
0.476324348863492,2.6543942860293863,6.115540644847689,1.0
0.29901854441052655,3.8087142357371104,3.7557335754959715,1.0
-0.06207256741274817,4.999771045716079,3.471475691011054,1.0
0.3801331587720955,6.039475599342358,1.1112862009506856,1.0
-0.1379028369829072,5.991669832109929,0.04882049881378997,1.0
-0.20156500756067897,5.68733180799792,-0.6107685327759639,1.0
-0.6885123321513124,5.729095936023268,-2.1079061959329026,1.0
-0.3195098285035645,4.760150229067098,-3.8057964902813404,1.0
-0.3321843940428815,3.5909491928461037,-4.698642780595187,1.0
-0.37985294943353753,2.219842931925526,-5.286177159097949,1.0
-0.1274501182140138,0.8153965860733117,-6.694911038344325,1.0
-0.18788305460785104,-0.9481830377717635,-5.691394078700125,1.0
0.09569771150081761,-2.104377204960783,-5.943854630057775,1.0
0.8010047418430621,-3.831301393126195,-4.653948368019245,1.0
-0.1553983669246583,-4.401153158338185,-4.241676946417783,1.0
0.4680531438587365,-5.276559569502708,-2.8870572722046823,1.0
0.4301460891483803,-5.641009816574813,-1.1103993259846512,1.0
0.06115907840727504,-5.818681366331538,0.3484153116762776,1.0
-0.11979673445237816,-5.962775498824443,2.228942310636577,1.0
0.8422143277505959,-4.558900660509115,3.286940376070053,1.0
-0.3978832978297291,-4.4032496602632225,3.9348785056840914,1.0
0.16977790301213122,-2.8826493623461182,5.64281836376452,1.0
-0.1526547151376076,-1.4285582896476001,6.063741024484482,1.0
0.1510426232302596,0.00513703561152612,6.368604429720822,1.0
0.6642214851085103,-0.6077690376804488,6.523120476015653,1.0
0.32141095191243085,1.3469405154310077,6.155146459686458,1.0
0.5352094880287175,2.378635772148519,5.281725726614445,1.0
0.4779723186330512,4.138748952811499,4.483513565943316,1.0
0.6307283305694482,5.124293473702899,3.004797003534473,1.0
-0.07790749233888833,5.293820810069029,1.8291783061871003,1.0
0.4732733365689273,6.1987494257735385,0.1490428287913199,1.0
-0.1807073193015502,6.2652856348859105,-0.8578047666663926,1.0
0.058472819734796316,5.686756185713662,-2.093515839863839,1.0
0.6569440232946973,4.7522256995859395,-3.7559946602658227,1.0
0.34784514728389276,4.054007468970871,-4.873266409572213,1.0
0.4005285031394378,1.8993549974609831,-5.8486251558270705,1.0
0.6344975680784841,0.2955542491597991,-6.1974534560035925,1.0
0.12441832620996633,-0.6419650795312795,-6.243493761376236,1.0
0.05752596283251085,-1.996963539362358,-5.758017058905859,1.0
0.5753437177688021,-3.495159551103787,-4.4441465967460045,1.0
-0.36845347853070737,-4.419386515994704,-4.059606158840113,1.0
0.2685822355661331,-5.660359926432066,-2.5422333572616114,1.0
0.32608380718109536,-5.375519281832302,-1.413342958011786,1.0
-0.03697231860546207,-5.912205224606092,0.3353446387620637,1.0
0.07906314639518822,-5.715661107961541,2.105452610631837,1.0
0.2273389315324361,-5.364140158615362,3.3309897098350656,1.0
0.45745776991129633,-3.51447631754848,4.36337922148081,1.0
0.38256978182495704,-2.579951015778325,5.025036046204187,1.0
0.2811169438810146,-2.188239486947297,5.908915660260877,1.0
0.6208187086683897,-0.38945885973900374,6.242429375683055,1.0
0.005547059027115608,0.7070802243606362,6.030294588323755,1.0
0.640111667033308,1.368652902061794,6.100713158614672,1.0
0.3556591691101493,2.960746743815826,4.970573305712453,1.0
0.29389976847825006,3.830454361973962,3.986414833619068,1.0
0.5414373110903105,5.126868340689676,2.9492605943515944,1.0
0.3417507735851653,5.374578464524842,1.4422705257173014,1.0
1.0511904240815126,5.717928926183543,0.08881005139043052,1.0
0.7305710553036278,5.431378933477646,-0.9119925444047683,1.0
0.42724540841130765,6.30488211201476,-2.548397419553214,1.0
0.8242541794817968,4.225042773550402,-4.118236770443254,1.0
0.6289176162264769,3.153030311041773,-5.08768212481082,1.0
0.3242809563227782,2.279362617208007,-5.39773600632122,1.0
0.17574083395209916,1.1429003010805552,-5.666716751235794,1.0
0.6937095744803801,-0.5193786708054582,-5.601250094936054,1.0
0.3414895547867456,-2.4238451134295893,-5.492928173667226,1.0
0.2064472218905683,-3.761547516477819,-5.060850451433283,1.0
-0.17485916833506732,-4.24080401600507,-4.002657290099992,1.0
0.0886719023162238,-4.938508360203215,-2.457045555969793,1.0
0.5315867827283778,-6.169480987449242,-0.8078404473430727,1.0
0.6539746847587362,-5.890594888668657,0.8409845836194392,1.0
0.5697133168420188,-5.190124435654854,1.974252167888656,1.0
0.4072168774928422,-5.850287428184144,3.0441275206414358,1.0
0.3813262285536594,-4.223258542607365,5.030813527911688,1.0
0.20819386710769122,-2.8268872442165818,5.609320540233562,1.0
1.1556438560799105,-1.4293360754523647,5.840643788591847,1.0
0.37046438327487397,0.2802224055595294,5.55939156547712,1.0
0.6451078058868941,0.4286529958157172,5.9209891071922796,1.0
0.5458823594319855,1.4336301735361603,5.947700308346422,1.0
0.731224786793325,2.6720668902589964,5.207683596761168,1.0
0.49935469284417994,3.4741767559018593,4.480555025417203,1.0
1.0181197247414242,4.914543372429944,3.0533094764467994,1.0
0.2917498917854415,5.3431892822977165,1.551321553722413,1.0
0.28189433599187946,5.514945568228434,0.8637047515670003,1.0
0.872964802585964,5.770567297654602,-0.5889201166024236,1.0
0.4059788551469231,4.6584634225999615,-2.438600468918567,1.0
0.35147132135377407,4.257428109286956,-3.431472389908072,1.0
0.8202857868011978,2.5190644414339203,-4.686877895290431,1.0
0.6552231931689475,2.0946152818360404,-4.812840500945535,1.0
0.5174794959121889,0.8333838942299603,-5.5451371028937215,1.0
0.6048114471899203,-0.5232387185568633,-6.461868634173982,1.0
0.8918159650193078,-1.6095134134035303,-4.977011893243648,1.0
0.8479590084294403,-3.150844068996916,-4.884551772159791,1.0
1.1082394863543197,-4.33039805289612,-3.544871188558902,1.0
0.6650987688806644,-5.79509792107155,-2.4249400239622436,1.0
0.35404752811131,-5.534105738205351,-0.9084479023332986,1.0
0.44776320062779285,-5.760004140820395,0.24773293939370145,1.0
1.2866464430334712,-5.452600657995509,2.472887246580794,1.0
0.5403238096067835,-4.826425189340851,2.384841036741271,1.0
0.858456904736847,-3.7936217660759985,3.7625462118625395,1.0
0.6833121326211005,-2.4643608278042577,5.320247955834276,1.0
0.39171542926098213,-1.0113085629782668,5.713218554435656,1.0
0.0496924428855684,-0.009782793014465559,5.87076496391156,1.0
1.0387683993705448,-0.07059707146884751,5.641685146662696,1.0
1.4533500770582326,1.8856602809620455,5.366733820619983,1.0
1.3499918714263135,2.6375607754356882,5.1453511242652015,1.0
0.9051892271924297,3.8537578994499504,4.002599574380228,1.0
0.3531370403919889,5.100851630960951,3.4027284365844257,1.0
0.6004013774940505,5.493877925354756,1.971446750647724,1.0
0.7444091884444952,5.9256753997591405,0.09832136231238536,1.0
0.5992685082817439,5.6390145198245865,-0.8121193769345258,1.0
0.560901379349523,4.746285700076161,-1.8587547137063947,1.0
0.7405984704559682,4.353184546350311,-3.45291254753813,1.0
0.05573269812979076,3.017338248449917,-4.581881549443231,1.0
1.0866844890119265,2.0947239455299234,-4.57399463813167,1.0
1.1619134833758538,0.9444119544480342,-5.48444073138862,1.0
0.5904050263063534,-0.5329434745429767,-5.28070893607707,1.0
0.9829494431967352,-1.867503400585246,-5.099933933720187,1.0
1.2539520209909845,-4.031694457638555,-4.119956848720085,1.0
0.766161075577094,-4.665706952581857,-3.073935033866486,1.0
0.4982516589115565,-4.6100293963171595,-2.231386171339371,1.0
0.5709452931379507,-4.715932680484539,-1.4079667654484798,1.0
0.6603933752977607,-6.515136108767891,0.3938425182440846,1.0
0.7925624284205712,-4.782748965540583,1.5698035688114234,1.0
0.7733884064483239,-4.728449073813733,3.484919183993192,1.0
0.5923937605416644,-3.2242443018149363,4.28569226084046,1.0
0.7865270382741,-2.701536783909485,5.259728347240973,1.0
1.030440307204065,-1.3036285057812742,5.290189042133924,1.0
0.47672446224717674,-0.36323298109591473,5.034848166129996,1.0
1.1799332741379351,0.06535186250011338,5.513061599790356,1.0
0.7312446418727786,1.612580941425323,4.954627732576241,1.0
1.0062513647583244,2.6654842738931093,4.933059584053313,1.0
0.6973320733771999,4.2102723542498905,3.854752168391304,1.0
1.0067258902222207,4.530632748523809,3.3396315657965205,1.0
0.8475357581023419,4.975538509318359,1.6419153016952295,1.0
1.3332172826316975,4.535470504731289,-0.08284315954480248,1.0
0.6595530569726988,5.511447578678158,-1.210009256951325,1.0
1.246332117783298,4.190061641780406,-2.4277883665987723,1.0
0.6849894430989151,3.9485896942643453,-3.3727657620369444,1.0
1.2628529837872768,3.1281971907952575,-4.450684326530154,1.0
1.105837382561291,2.1677797406949355,-4.736423917734224,1.0
0.9106509677292769,1.2057019466733554,-4.752195483999052,1.0
0.9842385633159756,-0.04611413987434243,-5.33556207180067,1.0
1.2516841331551745,-1.9862082144579778,-4.492584264349031,1.0
1.1098722457929333,-3.31135846141736,-4.410256085875223,1.0
0.8866068254047322,-4.387021529127455,-2.7304352518341615,1.0
0.8041872055846121,-4.7471927235617315,-2.4917676694983064,1.0
0.6722179292638624,-5.151392022789849,-0.988049757254193,1.0
1.1878985154832644,-5.923084967294662,0.28121757272307,1.0
1.1046907885878585,-4.846402264368422,2.0379438595431054,1.0
1.0330897444525604,-4.155157458283871,3.4067155910413582,1.0
1.4268090302016068,-3.300563714911373,3.857510501228032,1.0
0.9109076777626147,-2.3950168253105186,4.786547544539085,1.0
1.1203762067903245,-1.2047992396990135,5.0937514325203095,1.0
1.1515451508650867,-0.14677468893501877,5.509586503189852,1.0
1.3306637424275412,-0.3796930855107701,5.384421703259352,1.0
1.535268080588398,1.2325705999680292,4.958052745089605,1.0
1.2472302897478214,2.7495384614827003,3.886050644898083,1.0
0.6715088339173434,3.2481411272525507,4.282507395676328,1.0
1.381982860483824,4.243438934911996,2.6186946126664785,1.0
1.3656899612173987,4.987584998162515,1.1791748065782768,1.0
0.47391989152840175,4.716364003727895,0.7812232771519763,1.0
1.174862767161437,4.935339907420249,-1.2826733704775004,1.0
1.1239879895797895,5.035613805611306,-2.148950410324567,1.0
1.2781680015531363,3.6686340895249367,-3.2220726628731367,1.0
1.4418508713657348,2.738394739298289,-3.5321953791139213,1.0
0.9600504759636002,2.730770453043339,-4.828096945809111,1.0
1.0833388328214761,0.4990722920074556,-5.3287404663562885,1.0
1.1243124766291932,-0.3988310480679289,-5.073831431535934,1.0
0.6625300535365288,-2.313444206618004,-4.228570962716134,1.0
0.7383059527457121,-2.9363817226946956,-4.219235987020844,1.0
0.6710535604714848,-3.6821857011815182,-3.101525164409399,1.0
1.0902934008681575,-4.918910307906785,-1.6917543853917407,1.0
0.8563538519515594,-5.206519038053874,-0.5325289162409528,1.0
0.41309147632460697,-4.686975701133145,0.18029472184289477,1.0
1.2710664037424735,-5.08716371112069,1.003342944716307,1.0
1.1177735668926594,-4.361876286331614,2.5465942314873855,1.0
0.4569721076307842,-3.0239552078806,3.7509192567977307,1.0
0.8865774051945869,-3.026746353220086,4.61446265941482,1.0
0.6069359647669779,-0.6902319570202623,5.131734360148047,1.0
0.8861682876982916,0.08490153049006736,5.09789662650607,1.0
1.5914507301041005,-0.08003209397108,4.767009520879414,1.0
1.4002230930431665,1.1463787527053524,4.667916297832672,1.0
0.8210288768954821,1.9166208084971057,4.147956599990142,1.0
1.1960925812395795,3.337637379146857,3.5557299474978,1.0
1.5606910811290624,4.495861222262135,2.441927847115575,1.0
1.3131742034928446,4.6644541549376495,1.3573957870613398,1.0
0.902309587416983,4.902812120103291,0.5333602620040352,1.0
0.8734216256287728,4.29336832065769,-0.9901778747418409,1.0
0.9168654387117987,3.6698657112907354,-2.182334541609348,1.0
0.44018656598041095,4.1726133874962335,-3.536223644137961,1.0
1.1824348119278554,2.7269419779865625,-3.737106305704403,1.0
0.32423074271111374,1.9988811534752313,-3.9480445016930963,1.0
1.5735208584880775,0.7229317770671121,-5.10470506318035,1.0
0.4600606361385805,-0.14303627717055467,-4.500915143595369,1.0
1.201257145093157,-2.494809544976761,-4.271845606300758,1.0
0.8713715774969264,-2.5510996997079465,-2.9726797807189618,1.0
0.8443304277562489,-3.7584416522622206,-2.5997631980917073,1.0
0.8872445066856942,-4.1135426129559765,-2.2047604188003396,1.0
0.757395329009491,-4.724704734911882,-1.266022609675883,1.0
1.012759858916403,-5.18285742496272,0.306523424811779,1.0
1.3587091868927632,-4.09621284906174,1.353078447144811,1.0
0.9040034540406,-3.8189370684580117,3.0186496405298984,1.0
1.0069828531047733,-3.600279011056187,3.436243872584667,1.0
0.6357175430093933,-2.3971726002123206,4.244501204581489,1.0
0.7442440819188199,-0.7208711049371304,4.522197125111176,1.0
0.46830627891667964,0.02504410539536912,4.801003505869446,1.0
0.9198513244244665,-0.22425997247355373,3.881721329202609,1.0
1.0561122443428324,1.5331965963284115,4.325865210237488,1.0
0.7084877923060569,2.3319222597284233,4.173180982988894,1.0
1.0831280676589703,3.223448127426354,3.344810445614163,1.0
1.155269777339336,3.693138291469355,2.7014017424579624,1.0
1.1248644648703987,4.764142765534748,1.537827894016531,1.0
1.3331938468497644,4.823267605003876,0.005512970809123774,1.0
1.0959861255438685,4.415834505474762,-0.21940784610358888,1.0
0.9273102378896587,4.351663768703914,-2.126859970200758,1.0
1.050520226570347,4.063195928304616,-2.531328455480679,1.0
0.6147086249832334,2.571321398234316,-3.412331955798419,1.0
0.45563833026490236,1.481442128042733,-4.72860462850873,1.0
0.7313948433665713,0.46093035888070955,-4.270097164576388,1.0
0.6000560260278813,-0.3438633073448061,-4.166453647663948,1.0
0.8301573891252754,-1.216206143903989,-4.324842086552157,1.0
0.6841033248994614,-2.2561905597659715,-3.9148055835430866,1.0
0.8602157319619395,-3.465288683287669,-3.2754924301892716,1.0
1.0771149158319249,-3.8192641682535,-1.3205201088022505,1.0
1.0447194705855078,-4.329846681650712,-0.8756029868127039,1.0
1.2012457676085244,-4.762153475595063,0.18172568777211778,1.0
0.8753764413799188,-4.35176344634228,1.5802654329470023,1.0
1.1575814475169028,-4.282210720957788,2.355192126684974,1.0
0.33287485212387036,-3.4673541460614565,3.5641189831511326,1.0
1.9615892655995815,-2.687534250947963,4.16426994348167,1.0
0.5392898713084697,-1.187788813499505,4.342378864874109,1.0
0.9636412708508797,-0.5577674980765652,4.4873803602552425,1.0
0.7844063624538183,-0.029504115624362337,4.2780046960303135,1.0
0.701511535687084,0.5421804921048803,3.8800342666199588,1.0
0.8455494862563859,1.8240932412369886,3.7322179474220216,1.0
0.9089529788473664,2.887054157403095,3.1152664288185745,1.0
0.5926889516537406,3.45723608048115,1.80978826236441,1.0
0.765041617553215,4.030900379795,1.458274314979408,1.0
0.4697835473594434,4.486321765704003,0.6931229010738316,1.0
0.6814856198534902,4.072935484803891,-0.3657057735066486,1.0
0.5824786993979227,3.8663088352963197,-2.197467759872182,1.0
0.875522790591128,2.9743544778812727,-2.2418200271931727,1.0
0.7215931836653642,3.072608441609488,-3.798646899032169,1.0
0.6478972045581457,1.8944999518005885,-3.5076955425373777,1.0
1.1256846443155755,0.29982086783950845,-3.8067651766616435,1.0
0.6776602422513753,-0.681288820328447,-3.874390829685246,1.0
0.25625963242329164,-1.6390807661598321,-4.422221358748004,1.0
1.117616683529186,-2.5804520296809104,-3.627851215903408,1.0
1.0004088748653395,-3.574011207578948,-2.405911137022323,1.0
0.45008747960084006,-4.040686258844072,-1.5921849902242973,1.0
0.5665034421696968,-4.193636396376243,-1.106989000593612,1.0
0.9737273856979439,-4.384970571658028,0.3810914887976152,1.0
1.055829583741866,-4.194252672745953,1.194859515340444,1.0
0.757306725426051,-3.4754271587793264,2.326322459659474,1.0
0.8793301231987114,-3.1225057575295994,3.420223742787725,1.0
0.9679708056099492,-1.9652408569369075,3.829374047163154,1.0
0.919001305760625,-0.9551670031372479,4.192295117370935,1.0
0.9356566254262662,0.03296280228491468,4.878972846513198,1.0
0.7002728827147354,0.13077280781606435,4.04220752791684,1.0
1.045345610455585,0.9271946739818413,3.8378484291487864,1.0
0.013589834386417254,2.212791537068673,3.3417835621422354,1.0
0.6054292323506333,2.7218126653526338,2.718642669726951,1.0
0.7802431292377233,3.6305177555565593,2.339439748482914,1.0
0.5838297648456424,3.820949920000333,1.5290781429476943,1.0
0.6995485565354832,4.704274386277365,0.006654532256603007,1.0
0.27132117949818546,3.9378941789991226,-0.48792992373799393,1.0
0.19018468550247875,3.359560252879048,-1.6329872526452587,1.0
-0.10817061861656163,3.5910841764663735,-2.812620263120372,1.0
1.0480437654611845,2.208636788691887,-3.673214879166608,1.0
1.0541740246737707,2.0565559109315554,-4.166068075827581,1.0
0.7575025058851997,0.9699781392601973,-3.928089687011362,1.0
1.1633055192571997,-0.1206025405878211,-4.499629859631116,1.0
0.5488664887966542,-1.795593720304961,-3.740843168036503,1.0
0.9597205666880597,-2.4112812328425393,-3.38882451625504,1.0
0.14965870962242062,-2.9558119855714247,-2.3225139815948292,1.0
0.9434699749343534,-3.497611233759806,-2.158936878902063,1.0
0.5193032880490835,-3.7207340263181754,-0.7348148129272204,1.0
0.45058480561203196,-4.317786936736337,-0.009608536224835373,1.0
0.2889664447560281,-4.385891053167323,1.6250439669321424,1.0
0.9375924492724108,-3.3673498346370843,2.340098214297989,1.0
0.9922976324166126,-3.659727049313176,3.2661713910980232,1.0
0.2455759107504243,-1.8458019727471038,4.179914169510037,1.0
0.2251248393386729,-0.9824884467290019,4.080055132294716,1.0
0.04534276801016801,0.05755849237377657,4.244673567100121,1.0
0.6466461674954469,0.334292483292944,4.140852696210187,1.0
0.4465812914701356,0.7856498105377413,3.8004187216368677,1.0
0.4037393540604193,2.1159875931327585,3.7940538343404926,1.0
0.2926531440228144,2.851790014191022,3.224004641031908,1.0
0.5188643462102385,3.4262693522962815,1.8128118241827176,1.0
0.1214514460348376,3.9823577805818866,1.495840372713694,1.0
0.36245129372156687,4.05554233433923,0.21171038346232512,1.0
0.3898050418795601,4.414810922029448,-0.8304868092280618,1.0
0.250371345735268,4.065821435891234,-1.449482627929736,1.0
0.6623948934053228,2.8413410513512667,-2.5445763736654596,1.0
-0.1275307324381404,2.3823360383268577,-3.6102273761301635,1.0
-0.07530451604537303,1.5455114629279467,-3.415102071127445,1.0
0.6296105758788118,0.21361146674683096,-4.127444218042591,1.0
0.304491739502606,-0.3012414757889169,-3.8660941564646665,1.0
0.9684463405746535,-1.2354757411249304,-3.7093539966785,1.0
0.306520450926955,-2.4559359352059404,-3.1804563687183687,1.0
0.5601622389808716,-3.2752752289508917,-2.2582153784332735,1.0
0.979361737464824,-3.7685541631372725,-1.8809004835992793,1.0
0.4325810291817215,-4.415935486417914,-0.8163036439688272,1.0
0.24911598064544344,-4.014042868881468,0.012531452483004468,1.0
0.6302628412761977,-4.028348610353127,0.983990805588167,1.0
0.261402481533974,-3.689016067560269,2.185037093787578,1.0
1.0471589604882579,-2.899558178669349,2.8309802124627352,1.0
1.378657871467495,-2.1363003104557468,3.729734234350096,1.0
0.17407045107815808,-0.8228702338964221,4.007185104341935,1.0
0.5321310871322859,0.3520563237432684,4.1836075910421995,1.0
-0.5419203026402242,-0.31436177809098265,3.6409409714985324,1.0
0.6728799187875341,0.8902924063089478,4.158260388000062,1.0
0.12823290854164032,2.207680825317908,3.4548879474078613,1.0
0.2638819060353045,3.0124224848749233,2.708726710142332,1.0
0.11066740389884128,3.9017582858171025,1.8326905717952449,1.0
0.5666196208320385,4.0340538707786004,1.0214508188175155,1.0
-0.24170255458833628,4.386730779862332,0.23054419513685473,1.0
-0.17694971872087045,3.9848792883182917,-0.4645774910874238,1.0
0.2716977314037863,3.7936330744355833,-1.7825425224758569,1.0
-0.3430806710156909,3.1587502749498872,-2.030727542819258,1.0
0.08325205770869464,2.072414051426741,-3.1048937965542103,1.0
-0.06458511584794233,0.9636792388205445,-3.950801744113669,1.0
0.12504828663871315,0.884727359844296,-3.9716235921578456,1.0
-0.0661334565528631,-0.7044997490813287,-3.4533491365665583,1.0
-0.04000091436979539,-1.656803594442644,-3.670772688171707,1.0
0.2795315204070299,-2.104171312443908,-3.526221286417412,1.0
-0.3534875036717336,-3.171194561803955,-2.2172524727258844,1.0
-0.41637522828210644,-3.634488992674343,-1.204446601956017,1.0
0.060445116262553486,-3.330627432596479,-0.6997570942242556,1.0
0.17523053616839912,-3.593502895128499,0.15027973717029242,1.0
-0.04001172249366347,-3.467788085972784,1.1892437719439657,1.0
0.5665811860517139,-3.4517040698010324,2.3121517628741555,1.0
-0.16005975465809164,-3.0181728897937847,3.4422761451116224,1.0
0.45756066479407287,-2.120671361799415,3.6936679375550066,1.0
0.40646411927580806,-1.1796460729756044,3.430874556210813,1.0
-0.005270181766414778,-0.09794417061101654,4.053321005065909,1.0
-0.33804096560636554,0.12517880664127312,3.7575678993125785,1.0
-0.6284340891812988,1.0336032039294607,3.8813674035269936,1.0
-0.15320123226781007,2.498446622924408,3.162321936648533,1.0
0.5576869576566217,2.7090820683936916,2.5172769693133836,1.0
-0.18221813630528066,3.30990191669703,2.2210491052432597,1.0
-0.15691704965510642,3.83152932787039,0.8619812760981238,1.0
-0.31680872467229915,3.9858077565449905,0.06374184205323735,1.0
0.11408348765221143,3.892650436409759,-0.47114772336776056,1.0
-0.22580626024251643,3.1499338014945226,-1.1690816483569206,1.0
-0.6647679913686781,3.018586380788641,-2.9950530431578133,1.0
0.48131775841970237,2.166958112216548,-3.345067658523454,1.0
0.3928509911740252,1.735141006041539,-3.3127261081886097,1.0
-0.572856072415319,0.7250827331297958,-3.625126403011772,1.0
0.4933032656892673,-0.6358652001954095,-3.3605853147816367,1.0
0.1020222034602247,-1.9275230536512855,-3.578971959227803,1.0
-0.39801566199366545,-2.407200363938869,-2.9972121660203452,1.0
-0.4576949630206768,-2.966594635695943,-2.5611459484057613,1.0
-0.11924358450864368,-3.474857534105134,-2.2396868903425333,1.0
0.009739571045227463,-3.8711362191980565,-0.9768245689310426,1.0
-0.19497145854169506,-3.7966806292652455,0.9142751514138596,1.0
-0.683425921853475,-3.9038995286293114,0.9712768095679619,1.0
-0.015200647249230079,-3.9425614915780542,1.7282137599703833,1.0
-0.018832540965531358,-3.214289520348986,2.71088538730222,1.0
0.20050403626714888,-1.9788134102160122,3.559450065619242,1.0
0.22875150661796842,-1.2029498175758224,3.3036522024285775,1.0
-0.08519172026925301,0.28323313103294967,4.540338107062235,1.0
-0.33108968879430367,0.18468506871117799,4.068677692348108,1.0
-0.3335164472400289,0.7591079658223012,3.5652619452471765,1.0
-0.8618732799339228,1.6361933661169732,3.5243326680254308,1.0
-0.29548734583778324,2.912085404620486,2.9666614609368143,1.0
-0.44626757153832397,2.51437264998401,2.0923387089402037,1.0
-0.36088210386726066,3.2929185050170138,1.3441342231020459,1.0
-0.15840204881152092,3.7691732272666743,0.19899127826633012,1.0
-0.10533619907858033,4.0049168607778896,-1.0096134408167272,1.0
-0.09514300751459454,3.4976908159682476,-1.7453459080885014,1.0
-0.23398438214888934,2.976470865115677,-2.649154650033834,1.0
-0.28834119783790935,2.6071598838546017,-2.8393955807370834,1.0
0.2427145779373278,1.4440512479066485,-3.8905399490403307,1.0
-0.6332634183464684,0.34064038180451084,-4.052900293059884,1.0
-0.27368688654221757,0.17694343243742416,-3.9157367937150402,1.0
-0.17002225576974372,-1.693348680921094,-3.73858244613741,1.0
-0.03704040733348668,-2.3038921713544225,-3.172978472807691,1.0
-0.4854626528538134,-3.6581631656015983,-2.863460806267809,1.0
-0.1526094128111014,-3.4231671954432725,-1.7335600519462897,1.0
-0.2908675665429484,-4.026311601271081,-1.0375795299179023,1.0
-0.5995308789385819,-4.1883251221135165,0.5899543150882864,1.0
-0.5107095954892797,-3.791312549177636,1.3615352102086142,1.0
-0.7765168829625737,-3.514349402559268,2.0989813545119587,1.0
-0.6393709203574769,-3.011751931707194,2.7812755810616174,1.0
-0.14816074547164074,-1.8790859964544269,3.6231186498397845,1.0
-0.45616449004256343,-0.20126845326222498,4.2756487130794465,1.0
-0.946145975704419,-0.6338762519383799,4.276966897415908,1.0
-0.3473608736139248,0.13002521203389372,4.123036560101211,1.0
-0.44412478674989153,1.0806287385741487,4.244777750622922,1.0
-0.594471163498869,2.188729817001346,3.648873151689013,1.0
-0.6859442750593565,2.952555781755757,3.0257139898997063,1.0
-0.45964671764001,3.2543557051894423,2.1439146506682234,1.0
-0.48563982796468175,4.126124657783656,1.4283575862893902,1.0
-0.9683399463380225,3.8022521621579513,0.10376610274695092,1.0
-0.7560232729618003,4.2843533860525005,-0.8643209539564196,1.0
-0.973186055011988,3.8099528624714156,-2.109996847893709,1.0
-0.8319150809888278,3.035276519277688,-2.607569918451719,1.0
-0.879694589479278,2.904167689691409,-3.235543082200953,1.0
-0.9379455733217563,1.915205470687729,-3.889779914539104,1.0
-0.6182538554239443,0.5396049796102729,-3.9683593366637107,1.0
-0.6014926435521917,-0.2692510452640347,-3.352186502938375,1.0
-0.6678802453468748,-1.1101975726955564,-4.758890912570905,1.0
-0.3212728457938964,-2.320269121285596,-3.0688086238394034,1.0
-0.34899251732099357,-3.243022159324702,-2.560641410742891,1.0
-0.5421966333628075,-3.554367592128036,-2.1044348419016434,1.0
-0.6032674383416968,-3.8782782503042377,-0.8575243215377079,1.0
-0.0008626241350745412,-4.5456847876809245,0.3372617585078163,1.0
-0.6112644864213267,-3.953004386320348,1.701332266607301,1.0
-0.10103670787842861,-3.419538161959589,2.2838184837931292,1.0
-0.3935543758947185,-2.7673370668778006,3.7078487223109127,1.0
-0.3344066473308559,-2.363812047858903,3.322054165938313,1.0
-0.3337352983858612,-1.2863156502936537,3.8382191456199717,1.0
-0.5768211708967808,-0.01964127349434053,4.211415648452523,1.0
-0.8433357187100025,0.0746396624963879,3.965790574740352,1.0
-0.44782493562258846,1.3161533793409186,4.343665792988911,1.0
-0.6692828164784059,1.6922825313694438,4.152113039067991,1.0
-0.639389404317755,3.149896593176151,3.3082440834319677,1.0
-0.9517056017777258,3.732798027631459,2.2753543778477447,1.0
-0.8828663333942396,4.454135067469128,1.4155762763318207,1.0
-1.1810161843794234,4.663380628550448,0.32564448512835886,1.0
-0.5397168192563859,4.88042340387401,-0.5759876272988423,1.0
-0.7267132781722895,4.312824323463774,-1.3658238163315883,1.0
-1.0052515014688672,2.982265255885636,-2.4968762671805083,1.0
-0.4190884383678572,2.7761451916164646,-3.406626288011168,1.0
-0.7881181507575605,1.5223112519466004,-3.923803725323358,1.0
-0.33940992046859136,1.3663043198381564,-4.127122542786672,1.0
-0.974808367295269,-0.46287937322647255,-4.58808052340224,1.0
-0.6129042330669874,-1.6859623579938514,-4.1497558021276895,1.0
-0.72391141163785,-2.398145603942079,-3.767559658868092,1.0
-0.5803778037728631,-2.9857751613064836,-3.0902331675029004,1.0
-0.2490678154236463,-3.5515264696050224,-1.8005486978612215,1.0
-0.812810761733417,-4.093121247366964,-0.4683031044998586,1.0
-0.6357732368381472,-4.4546042477977865,0.17391347563047602,1.0
-0.9176322448908892,-4.19518762687929,1.4738509048326498,1.0
-0.4368065484991858,-3.8264566259312716,2.525413108822905,1.0
-0.168514378162415,-2.734327861756356,3.254302294488439,1.0
-0.9258069247349199,-1.7946605610584947,4.346231870412088,1.0
-0.8571226409284805,-0.9100406678172628,4.370888232644564,1.0
-0.3084762629573384,-0.0371757557448697,4.55866272625181,1.0
-0.6275210870361242,0.2859878252658608,4.306522514157075,1.0
-0.8148618103238404,1.5086284374131482,4.612282861699996,1.0
-1.1763858532934217,2.070431559057826,3.9436123200412165,1.0
-1.264855013477472,3.5639254160393357,3.533313644712762,1.0
-0.6091252793884114,3.9357943801861017,2.3356072571531254,1.0
-0.3811021511156589,4.6617197730949655,2.1264291073258677,1.0
-0.5659332398625723,4.011446950273089,0.21262918638378375,1.0
-1.1825748301078811,4.679044506093563,-0.6887365647907625,1.0
-0.6558393850043494,4.001363239264538,-1.6596700972476404,1.0
-0.92965667300645,3.577244814465235,-2.114389360382611,1.0
-0.7462216386319341,3.4143740165448,-3.612119329185019,1.0
-1.528563483225527,1.1710959195762414,-3.948126309392087,1.0
-1.3640950660678781,0.5822267069715431,-4.2876088001132135,1.0
-0.875667341840694,-0.7423584823946321,-4.635487039283827,1.0
-0.9856396155913019,-0.9249084270357751,-4.430293945149572,1.0
-1.4283465751545212,-2.331222996847995,-4.017307492971725,1.0
-0.5623609239733203,-3.760936149864044,-2.514676302183745,1.0
-0.6443343115693722,-4.06322592109303,-1.7501946891482478,1.0
-0.5890993825613144,-4.8760079876262035,-1.0551985148987235,1.0
-1.1443780425284429,-4.043671205679392,0.033160299525371084,1.0
-0.668359043597271,-4.267124599618228,1.4270565035401017,1.0
-0.45110531837090007,-3.5401808530280086,2.42054502228834,1.0
-1.0034035616708743,-3.3567703494218093,3.5028679746043205,1.0
-1.1809650277633128,-1.6839011198188518,4.288381607774679,1.0
-1.149511458292598,-0.9345760041547784,3.7790295338420563,1.0
-1.2414135614292716,-0.5096844897491933,4.812227952579157,1.0
-1.280463712539217,-0.038624211867292556,4.994193332301475,1.0
-1.1714500087142148,1.2914372449058482,4.598290647730825,1.0
-0.9002805906043572,1.896854099195849,4.0147493770655815,1.0
-1.2321264513597816,3.848663745080641,3.4636802659541006,1.0
-1.0732840154560042,4.231907791410168,2.762243609181643,1.0
-0.8279839321660802,4.411268935495793,1.4575401644339177,1.0
-1.2822390114549824,4.449441304987573,-0.08917405596473688,1.0
-1.0094720465677254,4.53137430395978,-1.199500086594235,1.0
-1.0032570131188525,4.121842329523484,-2.345178443313427,1.0
-1.2504736594567876,3.9862437466110396,-3.246832951205013,1.0
-0.6524135126199868,3.359138219161963,-3.7228280120550266,1.0
-0.9604575170888251,1.4691443189913491,-4.18979119110831,1.0
-0.8753272074574485,0.556112181043566,-4.668268186447546,1.0
-0.8907491194357215,-0.830523945174189,-4.1842130166991245,1.0
-0.8073962553688878,-1.812166548639273,-4.043689771478266,1.0
-1.2636313050366417,-3.05654865595143,-3.66871193867475,1.0
-1.3906855321350524,-4.070059662900242,-3.088738555339347,1.0
-0.8716575191369501,-4.529658487797192,-2.2821718004002474,1.0
-1.097753935211991,-4.777693614541475,-1.0057921948212725,1.0
-1.036311837731848,-4.8432426401808035,-0.17901724919408762,1.0
-0.62937132991433,-4.695296943712709,1.4794981765847177,1.0
-0.9578591485556701,-4.0005341363473095,2.6964731212607536,1.0
-1.5583238444451508,-2.823199526958149,3.3275697277476204,1.0
-0.6316929513153257,-2.131056428002361,4.573419029690735,1.0
-1.5419554813455858,-1.3600367078791824,4.881912688083947,1.0
-1.2887152199191632,0.20312127471067995,4.688958163988013,1.0
-1.2017559316965885,0.25725044989572476,5.558108690482328,1.0
-1.0586302214652772,1.4224599738174926,4.21839385171701,1.0
-0.8032028997907816,2.018651491974594,4.193880790650087,1.0
-0.7267451577967416,3.8657456453715566,4.171168372251073,1.0
-0.9407795070198421,4.140846708514974,2.409836378215079,1.0
-1.0577179346006993,5.016153853446715,0.9290926794933927,1.0
-0.6753457225712489,5.25824275930314,0.3596303647017328,1.0
-0.7386899457051934,4.579423548325308,-0.8364840718740293,1.0
-1.44739831696044,4.669033454038038,-2.0924267446292495,1.0
-0.7634341691498292,4.0289246190831545,-3.3225022899376406,1.0
-1.1256902612460713,2.6609415800018805,-4.105115148685497,1.0
-0.9200695492623759,2.079162033878795,-4.770922791591867,1.0
-1.369136076607611,1.034075671975502,-4.671789961142041,1.0
-1.0657956365106518,-0.7082933580509144,-5.130526071867505,1.0
-0.9798619439508172,-1.9678305026191785,-4.670170079620911,1.0
-1.383114437026366,-3.1658952122681856,-4.43707767823992,1.0
-0.8194950965855039,-3.739948569121806,-2.94436705331825,1.0
-0.9317917094117105,-4.009383288398687,-1.8068399544848197,1.0
-1.3780504693900637,-5.095234647193187,-0.9184950664932621,1.0
-0.7689381352317197,-5.801595332870115,0.15912452001040908,1.0
-0.6363280965969937,-4.859116482466224,1.715614254476296,1.0
-1.148967183319984,-4.721041744519763,3.0029223923546144,1.0
-1.13167372115301,-3.824387725841488,3.6683662484890003,1.0
-1.1636863248358633,-2.426891108763923,4.256722000091694,1.0
-1.4134592571954978,-0.9788356861336258,4.96138363835532,1.0
-0.9534166872893431,-0.546245940007665,4.986478459124755,1.0
-0.9534840384656628,-0.23297515719845166,5.251763741466552,1.0
-0.9913209367896526,1.4367275996311228,4.876006215839758,1.0
-1.5119623216188902,2.862587346121103,4.793210670044092,1.0
-0.9117604255404007,3.5250213057943256,3.763493485528611,1.0
-1.3592718550977305,4.527430501582855,2.4018386047041287,1.0
-1.2896241876195844,5.278281962799134,1.5515245654783183,1.0
-0.8864242713531425,5.009716636484104,0.051201215514784404,1.0
-1.5984596290909376,5.4771161598454725,-0.40939491370186765,1.0
-1.178701442671731,4.858845586254393,-1.7168843703852144,1.0
-1.2755414146943083,5.033019961271144,-3.2568554500152107,1.0
-0.976758958859606,3.300406402217166,-4.6890297875817355,1.0
-0.8174270528239399,1.8583430659054627,-4.329579759483922,1.0
-1.2362508139554578,1.1367705670447223,-5.527461464003601,1.0
-0.7622060521038558,-0.8762126181567973,-5.679689705823279,1.0
-0.8509890378203729,-2.163800930263683,-4.809742445987412,1.0
-0.9013211488136864,-3.0016356802513178,-4.257440823030727,1.0
-1.0655539783743744,-3.99551919820009,-3.2588530493041525,1.0
-0.7433035440680623,-4.263827316970603,-2.2966434539760043,1.0
-0.7347764121415891,-4.750147340846329,-0.9476236243353888,1.0
-1.193994963205405,-5.189393406201978,0.30419272957185256,1.0
-1.143919115574409,-4.584739864309245,1.7330351977538583,1.0
-0.6735429617575706,-3.831546036188604,2.815321046559631,1.0
-0.9951276339359583,-4.344274265707841,3.8670533797842763,1.0
-0.6114622568712548,-2.626577743650988,4.315009809882376,1.0
-0.6070278369186128,-1.5320107457759684,5.340505392300037,1.0
-1.712169080134261,-0.08153437697959671,5.442678973213626,1.0
-1.2957809363578972,-0.23064959201818325,5.432836241308926,1.0
-0.715040070796775,0.7801332784511218,4.802340121027552,1.0
-0.5648352552940304,3.317262559791324,4.872205748169513,1.0
-0.4220096730905673,3.9419401892369135,3.8593318232542533,1.0
-1.1896884910300924,4.451354470171697,3.408571099616555,1.0
-0.3326646034549826,5.799745973896974,1.3476640008227934,1.0
-0.8200575148495851,5.37427702486431,0.5167791348580459,1.0
-1.3424491167339054,5.5149176824384005,-0.6721832409008774,1.0
-0.3637443065175252,5.1665426909789245,-2.34831495068018,1.0
-0.8300998040578472,4.499426780446102,-3.624705004340978,1.0
-1.0095622152188242,3.2647244934482873,-4.263069954497006,1.0
-0.9981019053462337,1.5048535053001801,-4.511595397654885,1.0
-1.43587299068452,0.0183429388162748,-5.465396837673789,1.0
-0.9282198507332755,-1.1187182025686702,-5.803794416316539,1.0
-0.9144532749366578,-1.9541729659557914,-5.472712888492662,1.0
-1.429470798301662,-3.0501429267098015,-4.197992392114594,1.0
-1.175002644669521,-4.54524340849416,-3.893948724633866,1.0
-0.8193417368351728,-5.314906343488939,-2.6869220585763367,1.0
-0.6141417841950222,-4.945809613870086,-0.7695976665646341,1.0
-0.7784212993703391,-5.15642194186778,0.15752835597933415,1.0
-0.6890240744727756,-5.618410420595297,1.9862744059559145,1.0
-0.7223393018404585,-5.050325389857415,2.2007902610086476,1.0
-0.30851058758070293,-3.871518279755353,4.207326564139109,1.0
-1.264340914996641,-2.9422281646937667,4.905069231037025,1.0
-1.3064694747212255,-1.616032511975533,5.809335337059305,1.0
-1.073600118384803,-0.16073501541089913,5.618866811984419,1.0
-0.698947412772371,-0.5548605763816781,5.403221272969979,1.0
-1.0902648967589874,1.9963137203921069,5.714480752306073,1.0
-1.2849485217326646,2.586840485218732,4.685576614748468,1.0
-0.5015161002347983,4.2263588229990345,3.9038412190087977,1.0
-0.7191599313546914,5.201964928945041,2.9172109415164926,1.0
-0.8011695977328842,5.343346340692816,1.5659407605750173,1.0
-0.6561609386425942,5.770637941897613,0.5051371644073008,1.0
-0.37806809975865774,5.447047755343417,-0.9229842293281723,1.0
-0.2804646967249663,4.870810225632729,-2.2697202207597167,1.0
-0.7143406276540523,4.094235939684019,-3.1537100758310257,1.0
-0.6623092314454372,3.7325620933054457,-4.6416383638741525,1.0
-0.6906072918388285,1.9618953703884072,-5.656944053291527,1.0
-0.09050590025681293,0.6530968811885917,-5.492472882642513,1.0
-0.6491415314477068,-1.1246212601054733,-5.653536000109956,1.0
-0.6060522777596125,-2.161859842045452,-5.4899462545024535,1.0
-0.034258357272096585,-3.4269257912897855,-4.432655699756961,1.0
-0.5376991693136159,-4.679935462163833,-2.970265608381471,1.0
-0.4069818314495216,-5.36107071937314,-2.4848113732305404,1.0
-0.7567487220695369,-5.414556851354059,-1.0428950225867526,1.0
-0.5691800398312705,-5.427748557136663,0.31411103070097923,1.0
-0.700014009977387,-5.030461837544719,1.8940490779215773,1.0
-1.0422696646686864,-4.852779639701386,3.1938472643159517,1.0
-0.7573918734691902,-3.9558955401991,4.807687680228505,1.0
-0.7039576297906835,-2.8393177935483593,4.997715575664649,1.0
-1.1065966580760267,-1.2114894866184711,5.83714050093628,1.0
-0.6378887748147459,0.15486917172624445,5.766322256654926,1.0
-0.7942551475480923,-0.4944958107415715,6.097004987544357,1.0
-0.9611516818951926,1.6657954694515087,5.512979436259435,1.0
-0.36409849833294594,2.763471599392297,5.14163004707411,1.0
0.010550402668132453,4.228073544046035,4.13242781778387,1.0
-0.9874021480336124,4.696054002112129,2.9716711702079657,1.0
-0.3848682824059123,5.230402742588863,1.6615517243465914,1.0
-0.39617293868767606,6.054111449213302,0.17779340815688152,1.0
-0.298304912494035,6.303138488172502,-1.1664420407082614,1.0
-0.2244622790717803,5.368692840414209,-2.10006136529433,1.0
-0.17846128071699074,4.619738336759764,-3.827891128686338,1.0
-0.9117930006833289,3.532319819615951,-4.635864492230288,1.0
-0.04355586397065969,2.5182658557556032,-5.4449662552513995,1.0
-0.04705901645760874,0.7272712652587263,-5.667774625481621,1.0
-0.40684888606571934,-0.48966460398217654,-5.979533383895266,1.0
-0.059447080988786816,-2.457509106292755,-5.615785215485143,1.0
-0.6843823207543077,-3.2521157031158086,-5.01490221983746,1.0
-0.5868747562427836,-4.834223537993323,-3.2841763644571347,1.0
-0.07813080124597455,-4.948990373445548,-2.5679323998726185,1.0
-1.063552569516517,-4.999140666113593,-1.2202209483346274,1.0
-0.46722921114051785,-5.6196023151835774,0.04039200278975291,1.0
-0.8880851361851632,-5.509186303081697,2.1471271254753734,1.0
-0.19173726139408592,-4.971269993409926,3.4285640658062757,1.0
-0.32295447626208096,-4.5718944667640535,4.598977346183902,1.0
-0.3009841038129415,-2.30639207552351,4.986610053853025,1.0
-0.43767340048016434,-1.3628385943689332,5.354684717813802,1.0
-0.5190022700305276,-0.01477844388364059,5.846261345878809,1.0
-0.7055188074380713,-0.10682722756183706,6.292241526749857,1.0
-0.7639445390701519,1.7737219374675357,6.046291721209625,1.0
-0.8427820608595754,2.5050260119807595,5.003634300141739,1.0
-0.5370881330555469,3.708436961579192,4.613136372624209,1.0
-0.5847943773843028,5.147742900681208,3.244478798263918,1.0
-0.37444260493891635,5.605807444801897,2.193332950314583,1.0
-0.4803600624216112,5.78511638867495,0.4020334351457431,1.0
-0.20751207748330636,6.136281385079043,-1.130560292036209,1.0
-0.43610217401661655,4.8272359659395585,-2.1770311643955713,1.0
0.19571856784608302,4.619861487969945,-3.69245211511106,1.0
-0.45493135707757176,3.7205387418915277,-5.068525711679212,1.0
-0.09784276265586153,2.9085909328886568,-5.457472511021453,1.0
-0.2483076329372526,0.45757010810168736,-6.18664462125834,1.0
0.02099741156206006,-0.8550252816499979,-5.913661661049385,1.0
-0.3117367863162884,-2.442052916535189,-5.2584275895392585,1.0
-0.2127339307199017,-3.690214477876369,-4.4781913497573855,1.0
-0.553148317157097,-4.092518231073708,-3.812772526979458,1.0
-0.5931389491142404,-5.311434725232196,-2.9302323413845346,1.0
-0.2497237997663859,-5.453806072756236,-0.8977390533137489,1.0
0.3244415291857955,-5.965804423840563,0.0032369976068741813,1.0
-1.0203802897467829,-5.846127969562774,2.4506446420060772,1.0
0.05433159065621887,-5.384884665273361,3.5563865689051206,1.0
0.24423190503489003,-4.069330496918105,3.834493265182716,1.0
-0.30976549323280306,-2.5529130550352175,5.077959214443692,1.0
-0.10602430267934732,-1.5507228419646704,5.669950375579306,1.0
-0.6189039745137298,-0.0018403703423796195,6.105482127237936,1.0
-0.14643722891132915,0.06843648936170196,6.227320178279669,1.0
0.19406456756815785,1.9380488355901653,6.029936838015625,1.0
0.4463149770338517,2.864218220953272,5.327472710336003,1.0
-0.8983212482116002,4.001957474841801,4.237207570742886,1.0
-0.29084207601458567,4.6190013305959186,2.704372067964375,1.0
0.03086302347919529,4.913636652394944,1.7886358367344508,1.0
-0.40251386160854297,5.898707989158212,0.43907207585641,1.0
0.4820362145057965,6.124891651163059,-1.5083300783324705,1.0
0.09052940804781943,5.527447174629823,-2.088009796498369,1.0
0.32802200323007963,4.663801494913666,-3.7732929333661054,1.0
0.024036087185208416,3.5379104483790416,-4.669716939713453,1.0
0.4820908208671454,2.4684025273214485,-5.7018704461600125,1.0
-0.2555258012763665,1.091527985631201,-5.131873607185576,1.0
-0.09521905924108469,-0.662041734912257,-6.6239987078081555,1.0
-0.2550773026335469,-2.229792282954747,-5.688243598172399,1.0
-0.08740394311556818,-3.48270244018958,-4.311323478730296,1.0
0.38041340484804287,-4.691478319484901,-3.9296255177136907,1.0
0.7298379260504274,-5.596660752491409,-2.2491111975156755,1.0
-0.22107635910543016,-6.430247388950724,-0.7627228088053775,1.0
0.17872840733256867,-5.371750374267065,0.6033174218145094,1.0
-0.16152994659336603,-5.612306721149566,1.7617067184008188,1.0
-0.011595843346852985,-4.824425861265386,3.126540117089499,1.0
-0.001337204852488815,-4.161950070124242,4.663457802776491,1.0
-0.2854526022171962,-2.6005878312265223,4.804805233601698,1.0
0.5309073378916106,-1.6722807386758127,5.536693042774132,1.0
-0.3155950653946369,-0.32581650203294826,5.585656553187959,1.0
